latitude,longitude,name
32.2940728,-105.9231658,fiftymilemex
32.2907730,-105.9225879,fiftymilemex
32.2857733,-105.9181212,fiftymilemex
32.2806736,-105.9084553,fiftymilemex
32.2709741,-105.9050200,fiftymilemex
32.2711741,-105.9015186,fiftymilemex
32.2579748,-105.8825067,fiftymilemex
32.2606747,-105.8680887,fiftymilemex
32.2701742,-105.8611253,fiftymilemex
32.2741739,-105.8504986,fiftymilemex
32.2744739,-105.8454966,fiftymilemex
32.2646745,-105.8284620,fiftymilemex
32.2616746,-105.8118820,fiftymilemex
32.2426757,-105.7766086,fiftymilemex
32.2376760,-105.7729419,fiftymilemex
32.2224768,-105.7672431,fiftymilemex
32.2061777,-105.7446515,fiftymilemex
32.1745795,-105.7304614,fiftymilemex
32.1320818,-105.6989432,fiftymilemex
32.1210825,-105.6986160,fiftymilemex
32.0987837,-105.6854636,fiftymilemex
32.0728851,-105.6772348,fiftymilemex
32.0527863,-105.6433674,fiftymilemex
32.0236879,-105.6337593,fiftymilemex
32.0118885,-105.6217370,fiftymilemex
31.9917896,-105.6162693,fiftymilemex
31.9778904,-105.6048607,fiftymilemex
31.9731907,-105.5981916,fiftymilemex
31.9661911,-105.5729376,fiftymilemex
31.9606914,-105.5656737,fiftymilemex
31.9487920,-105.5555518,fiftymilemex
31.9357927,-105.5301371,fiftymilemex
31.9328929,-105.5053561,fiftymilemex
31.9087942,-105.4774141,fiftymilemex
31.9029946,-105.4020521,fiftymilemex
31.8761960,-105.3679275,fiftymilemex
31.8747961,-105.3515366,fiftymilemex
31.8502975,-105.3455968,fiftymilemex
31.8631968,-105.3434125,fiftymilemex
31.8285987,-105.3359384,fiftymilemex
31.8229990,-105.3302750,fiftymilemex
31.8226990,-105.3057769,fiftymilemex
31.8008002,-105.2921197,fiftymilemex
31.8015002,-105.2728151,fiftymilemex
31.7989003,-105.2673321,fiftymilemex
31.7829012,-105.2522363,fiftymilemex
31.7755016,-105.2488844,fiftymilemex
31.7612024,-105.2374774,fiftymilemex
31.7421034,-105.2184016,fiftymilemex
31.7151049,-105.1954769,fiftymilemex
31.7066054,-105.1808320,fiftymilemex
31.6933061,-105.1790182,fiftymilemex
31.7013057,-105.1783664,fiftymilemex
31.6765071,-105.1713271,fiftymilemex
31.6742072,-105.1621419,fiftymilemex
31.6749071,-105.1418374,fiftymilemex
31.6601080,-105.1192332,fiftymilemex
31.6576081,-105.1171494,fiftymilemex
31.6515084,-105.1159888,fiftymilemex
31.6473087,-105.1099160,fiftymilemex
31.6258099,-105.0475549,fiftymilemex
31.6088108,-105.0414647,fiftymilemex
31.6085108,-105.0261666,fiftymilemex
31.5936116,-105.0033627,fiftymilemex
31.5856121,-104.9981143,fiftymilemex
31.5750126,-104.9949826,fiftymilemex
31.5705129,-104.9878116,fiftymilemex
31.5662131,-104.9844393,fiftymilemex
31.5377147,-104.9808227,fiftymilemex
31.5460142,-104.9794693,fiftymilemex
31.5315150,-104.9785626,fiftymilemex
31.5190157,-104.9701429,fiftymilemex
31.5277152,-104.9699870,fiftymilemex
31.5254154,-104.9685018,fiftymilemex
31.5003167,-104.9574630,fiftymilemex
31.4951170,-104.9430964,fiftymilemex
31.4962170,-104.9379893,fiftymilemex
31.4949170,-104.9328977,fiftymilemex
31.4890174,-104.9276355,fiftymilemex
31.4865175,-104.9221516,fiftymilemex
31.4813178,-104.9178849,fiftymilemex
31.4758181,-104.9163202,fiftymilemex
31.4781180,-104.9027054,fiftymilemex
31.4611189,-104.8994144,fiftymilemex
31.4690185,-104.8955638,fiftymilemex
31.4594190,-104.8940253,fiftymilemex
31.4538193,-104.8920611,fiftymilemex
31.4526194,-104.8916688,fiftymilemex
31.4560192,-104.8900470,fiftymilemex
31.4512194,-104.8896778,fiftymilemex
31.4536193,-104.8886624,fiftymilemex
31.4525194,-104.8865695,fiftymilemex
31.4512194,-104.8825778,fiftymilemex
31.4489196,-104.8788925,fiftymilemex
31.4446198,-104.8766200,fiftymilemex
31.4416200,-104.8714392,fiftymilemex
31.4440198,-104.8713239,fiftymilemex
31.4397201,-104.8680514,fiftymilemex
31.4351203,-104.8674808,fiftymilemex
31.4295206,-104.8551166,fiftymilemex
31.4315205,-104.8542039,fiftymilemex
31.4265208,-104.8535358,fiftymilemex
31.4308206,-104.8523083,fiftymilemex
31.4347203,-104.8521834,fiftymilemex
31.4297206,-104.8474154,fiftymilemex
31.4238209,-104.8453531,fiftymilemex
31.4187212,-104.8419857,fiftymilemex
31.4160214,-104.8307030,fiftymilemex
31.4112216,-104.8258336,fiftymilemex
31.4106217,-104.8166375,fiftymilemex
31.4089218,-104.8142483,fiftymilemex
31.3992223,-104.8129103,fiftymilemex
31.4024221,-104.8113899,fiftymilemex
31.3905228,-104.8050658,fiftymilemex
31.4024221,-104.8045899,fiftymilemex
31.3635242,-104.8019381,fiftymilemex
31.3674240,-104.8010132,fiftymilemex
31.3997223,-104.8006071,fiftymilemex
31.3946225,-104.7999397,fiftymilemex
31.3765235,-104.7969552,fiftymilemex
31.3608244,-104.7969553,fiftymilemex
31.3822232,-104.7960188,fiftymilemex
31.3727237,-104.7957794,fiftymilemex
31.3870230,-104.7951882,fiftymilemex
31.3785234,-104.7951424,fiftymilemex
31.3850231,-104.7926010,fiftymilemex
31.3640242,-104.7884349,fiftymilemex
31.3611244,-104.7860534,fiftymilemex
31.3623243,-104.7843457,fiftymilemex
31.3586245,-104.7767693,fiftymilemex
31.3577246,-104.7697751,fiftymilemex
31.3609244,-104.7626547,fiftymilemex
31.3565246,-104.7602827,fiftymilemex
31.3477251,-104.7550388,fiftymilemex
31.3458252,-104.7526509,fiftymilemex
31.3462252,-104.7499483,fiftymilemex
31.3508249,-104.7466190,fiftymilemex
31.3503250,-104.7406222,fiftymilemex
31.3439253,-104.7379630,fiftymilemex
31.3358258,-104.7305146,fiftymilemex
31.3414254,-104.7290789,fiftymilemex
31.3351258,-104.7283190,fiftymilemex
31.3387256,-104.7250961,fiftymilemex
31.3235264,-104.7198928,fiftymilemex
31.3386256,-104.7194967,fiftymilemex
31.3212266,-104.7175075,fiftymilemex
31.3289261,-104.7173585,fiftymilemex
31.3231264,-104.7124954,fiftymilemex
31.3271262,-104.7105699,fiftymilemex
31.3209266,-104.7099094,fiftymilemex
31.3251263,-104.7091827,fiftymilemex
31.3201266,-104.7072145,fiftymilemex
31.3286261,-104.7019604,fiftymilemex
31.3353258,-104.7007177,fiftymilemex
31.3361257,-104.6921126,fiftymilemex
31.3294261,-104.6900553,fiftymilemex
31.3286261,-104.6841604,fiftymilemex
31.3265263,-104.6808737,fiftymilemex
31.3174268,-104.6768316,fiftymilemex
31.3195266,-104.6727183,fiftymilemex
31.3189267,-104.6684221,fiftymilemex
31.3119271,-104.6659666,fiftymilemex
31.3047275,-104.6575124,fiftymilemex
31.3093272,-104.6514831,fiftymilemex
31.3104271,-104.6450762,fiftymilemex
31.3125270,-104.6426628,fiftymilemex
31.3141269,-104.6317526,fiftymilemex
31.3108271,-104.6301736,fiftymilemex
31.3131270,-104.6297590,fiftymilemex
31.3096272,-104.6284812,fiftymilemex
31.2995277,-104.6212454,fiftymilemex
31.2969279,-104.6210620,fiftymilemex
31.3161268,-104.6188399,fiftymilemex
31.3038275,-104.6186181,fiftymilemex
31.2938280,-104.6179817,fiftymilemex
31.3161268,-104.6165399,fiftymilemex
31.2922281,-104.6134918,fiftymilemex
31.3044275,-104.6129143,fiftymilemex
31.3089272,-104.6117857,fiftymilemex
31.2930281,-104.6097867,fiftymilemex
31.2964279,-104.6077651,fiftymilemex
31.2984278,-104.6004524,fiftymilemex
31.3025276,-104.5967264,fiftymilemex
31.2968279,-104.5925626,fiftymilemex
31.2938280,-104.5868817,fiftymilemex
31.2876284,-104.5862210,fiftymilemex
31.2778289,-104.5760833,fiftymilemex
31.2831286,-104.5713496,fiftymilemex
31.2892283,-104.5693109,fiftymilemex
31.2898283,-104.5671071,fiftymilemex
31.2815287,-104.5648598,fiftymilemex
31.2627297,-104.5630791,fiftymilemex
31.2801288,-104.5578687,fiftymilemex
31.2637297,-104.5570727,fiftymilemex
31.2615298,-104.5529867,fiftymilemex
31.2649296,-104.5441651,fiftymilemex
31.2626298,-104.5420797,fiftymilemex
31.2607299,-104.5311918,fiftymilemex
31.2579300,-104.5281095,fiftymilemex
31.2545302,-104.5222311,fiftymilemex
31.2600299,-104.5201962,fiftymilemex
31.2531303,-104.5184400,fiftymilemex
31.2561301,-104.5155209,fiftymilemex
31.2512304,-104.5136520,fiftymilemex
31.2430308,-104.5133040,fiftymilemex
31.2541302,-104.5131336,fiftymilemex
31.2505304,-104.5120564,fiftymilemex
31.2401310,-104.5093223,fiftymilemex
31.2422309,-104.5082090,fiftymilemex
31.2340313,-104.5071610,fiftymilemex
31.2391310,-104.5049287,fiftymilemex
31.2325314,-104.5020705,fiftymilemex
31.2268317,-104.5001066,fiftymilemex
31.2274317,-104.4934028,fiftymilemex
31.2257318,-104.4894136,fiftymilemex
31.2203321,-104.4891477,fiftymilemex
31.2117325,-104.4843022,fiftymilemex
31.2135324,-104.4841908,fiftymilemex
31.2182322,-104.4822610,fiftymilemex
31.2153323,-104.4811794,fiftymilemex
31.2099326,-104.4800135,fiftymilemex
31.2119325,-104.4776009,fiftymilemex
31.2123325,-104.4712984,fiftymilemex
31.2138324,-104.4705889,fiftymilemex
31.2086327,-104.4674218,fiftymilemex
31.1998332,-104.4653774,fiftymilemex
31.2085327,-104.4644224,fiftymilemex
31.1961334,-104.4637008,fiftymilemex
31.2049329,-104.4633452,fiftymilemex
31.1980333,-104.4590888,fiftymilemex
31.1949334,-104.4565084,fiftymilemex
31.1924336,-104.4564242,fiftymilemex
31.1926336,-104.4506229,fiftymilemex
31.1985332,-104.4488856,fiftymilemex
31.1902337,-104.4487381,fiftymilemex
31.1945335,-104.4464109,fiftymilemex
31.1975333,-104.4445920,fiftymilemex
31.1988332,-104.4412837,fiftymilemex
31.1972333,-104.4381939,fiftymilemex
31.1911337,-104.4336324,fiftymilemex
31.1892338,-104.4290444,fiftymilemex
31.1915336,-104.4277299,fiftymilemex
31.1916336,-104.4230293,fiftymilemex
31.1950334,-104.4204078,fiftymilemex
31.1925336,-104.4154236,fiftymilemex
31.1961334,-104.4087008,fiftymilemex
31.1910337,-104.4040331,fiftymilemex
31.1829341,-104.4032842,fiftymilemex
31.1810342,-104.4011962,fiftymilemex
31.1806342,-104.3967988,fiftymilemex
31.1754345,-104.3953316,fiftymilemex
31.1731346,-104.3888461,fiftymilemex
31.1427363,-104.3855380,fiftymilemex
31.1360367,-104.3830802,fiftymilemex
31.1322369,-104.3824041,fiftymilemex
31.1384365,-104.3815651,fiftymilemex
31.1203375,-104.3739791,fiftymilemex
31.1182376,-104.3692923,fiftymilemex
31.1202375,-104.3603797,fiftymilemex
31.1193376,-104.3574854,fiftymilemex
31.1146378,-104.3538150,fiftymilemex
31.1132379,-104.3465238,fiftymilemex
31.1164377,-104.3382037,fiftymilemex
31.1102381,-104.3368427,fiftymilemex
31.1088381,-104.3328515,fiftymilemex
31.1149378,-104.3293131,fiftymilemex
31.1137379,-104.3247207,fiftymilemex
31.1080382,-104.3238566,fiftymilemex
31.1004386,-104.3236044,fiftymilemex
31.1019385,-104.3220949,fiftymilemex
31.0966388,-104.3219283,fiftymilemex
31.1078382,-104.3214578,fiftymilemex
31.0946389,-104.3114409,fiftymilemex
31.0877393,-104.3094843,fiftymilemex
31.0811396,-104.3021258,fiftymilemex
31.0644405,-104.3003307,fiftymilemex
31.0740400,-104.2987704,fiftymilemex
31.0615407,-104.2968489,fiftymilemex
31.0631406,-104.2956388,fiftymilemex
31.0511413,-104.2936142,fiftymilemex
31.0594408,-104.2926621,fiftymilemex
31.0453416,-104.2919506,fiftymilemex
31.0543411,-104.2904941,fiftymilemex
31.0569410,-104.2903778,fiftymilemex
31.0359421,-104.2888096,fiftymilemex
31.0284425,-104.2885566,fiftymilemex
31.0308424,-104.2873415,fiftymilemex
31.0366421,-104.2871052,fiftymilemex
31.0425417,-104.2846682,fiftymilemex
31.0316423,-104.2843365,fiftymilemex
31.0408418,-104.2834788,fiftymilemex
31.0234428,-104.2828879,fiftymilemex
31.0268426,-104.2820666,fiftymilemex
31.0213429,-104.2805011,fiftymilemex
31.0058437,-104.2771982,fiftymilemex
31.0164432,-104.2768318,fiftymilemex
31.0238428,-104.2764854,fiftymilemex
31.0127434,-104.2756550,fiftymilemex
31.0210429,-104.2751030,fiftymilemex
30.9903446,-104.2748952,fiftymilemex
30.9945443,-104.2736689,fiftymilemex
30.9680458,-104.2730347,fiftymilemex
30.9893446,-104.2728015,fiftymilemex
30.9843449,-104.2727327,fiftymilemex
30.9520466,-104.2719346,fiftymilemex
30.9957443,-104.2703614,fiftymilemex
31.0044438,-104.2695069,fiftymilemex
30.9782452,-104.2694709,fiftymilemex
30.9607462,-104.2680803,fiftymilemex
30.9367475,-104.2649301,fiftymilemex
30.9501468,-104.2641465,fiftymilemex
30.9422472,-104.2627958,fiftymilemex
30.9007494,-104.2628546,fiftymilemex
30.9347476,-104.2605426,fiftymilemex
30.9200484,-104.2605343,fiftymilemex
30.9313478,-104.2593638,fiftymilemex
30.9091490,-104.2587023,fiftymilemex
30.9237482,-104.2570112,fiftymilemex
30.9293479,-104.2529763,fiftymilemex
30.9258481,-104.2514981,fiftymilemex
30.8842503,-104.2410573,fiftymilemex
30.8833504,-104.2343629,fiftymilemex
30.8621515,-104.2263948,fiftymilemex
30.8576518,-104.2241228,fiftymilemex
30.8806505,-104.2233797,fiftymilemex
30.8783506,-104.2231941,fiftymilemex
30.8854503,-104.2203499,fiftymilemex
30.8764507,-104.2203059,fiftymilemex
30.8638514,-104.2183842,fiftymilemex
30.8707511,-104.2175413,fiftymilemex
30.8770507,-104.2155021,fiftymilemex
30.8520521,-104.2154576,fiftymilemex
30.8430526,-104.2153135,fiftymilemex
30.8721510,-104.2150326,fiftymilemex
30.8488522,-104.2143775,fiftymilemex
30.8433525,-104.2106116,fiftymilemex
30.8408527,-104.2020272,fiftymilemex
30.8361529,-104.1958564,fiftymilemex
30.8278534,-104.1921079,fiftymilemex
30.8267534,-104.1874147,fiftymilemex
30.8136541,-104.1831960,fiftymilemex
30.8206538,-104.1812526,fiftymilemex
30.8132542,-104.1769985,fiftymilemex
30.8140541,-104.1710935,fiftymilemex
30.8154540,-104.1709848,fiftymilemex
30.7849557,-104.1675739,fiftymilemex
30.8117542,-104.1662078,fiftymilemex
30.7826558,-104.1649881,fiftymilemex
30.7846557,-104.1648757,fiftymilemex
30.7888555,-104.1641497,fiftymilemex
30.7817559,-104.1621937,fiftymilemex
30.7741563,-104.1563407,fiftymilemex
30.7841557,-104.1559788,fiftymilemex
30.7819559,-104.1553924,fiftymilemex
30.7710564,-104.1537599,fiftymilemex
30.7836558,-104.1534819,fiftymilemex
30.7785560,-104.1534135,fiftymilemex
30.7700565,-104.1455661,fiftymilemex
30.7716564,-104.1416562,fiftymilemex
30.7662567,-104.1414896,fiftymilemex
30.7715564,-104.1382568,fiftymilemex
30.7642568,-104.1300020,fiftymilemex
30.7609570,-104.1290224,fiftymilemex
30.7566572,-104.1238490,fiftymilemex
30.7498576,-104.1195911,fiftymilemex
30.7335585,-104.1156918,fiftymilemex
30.7405581,-104.1114485,fiftymilemex
30.5609678,-104.1123534,fiftymilemex
30.5692673,-104.1110025,fiftymilemex
30.7182593,-104.1095863,fiftymilemex
30.5748670,-104.1097682,fiftymilemex
30.5661675,-104.1097215,fiftymilemex
30.5330693,-104.1092241,fiftymilemex
30.7225591,-104.1075597,fiftymilemex
30.5706672,-104.1077940,fiftymilemex
30.5435687,-104.1076599,fiftymilemex
30.7155594,-104.1054029,fiftymilemex
30.7090598,-104.1042430,fiftymilemex
30.5755670,-104.1049639,fiftymilemex
30.6457632,-104.1025330,fiftymilemex
30.7018602,-104.1016874,fiftymilemex
30.5497684,-104.1025220,fiftymilemex
30.7074599,-104.1014529,fiftymilemex
30.6345638,-104.1009018,fiftymilemex
30.6286641,-104.1007381,fiftymilemex
30.6426634,-104.1005520,fiftymilemex
30.5029709,-104.1010081,fiftymilemex
30.5790668,-104.1002425,fiftymilemex
30.5135703,-104.1005433,fiftymilemex
30.6120650,-104.0997400,fiftymilemex
30.6271642,-104.0993473,fiftymilemex
30.6326639,-104.0992135,fiftymilemex
30.4863718,-104.1000094,fiftymilemex
30.5179701,-104.0995164,fiftymilemex
30.5851665,-104.0987051,fiftymilemex
30.5119704,-104.0989531,fiftymilemex
30.6065653,-104.0976738,fiftymilemex
30.5874663,-104.0969910,fiftymilemex
30.6189646,-104.0964977,fiftymilemex
30.5261696,-104.0964663,fiftymilemex
30.5111704,-104.0964580,fiftymilemex
30.6607624,-104.0953407,fiftymilemex
30.5209699,-104.0959981,fiftymilemex
30.5132703,-104.0959452,fiftymilemex
30.4834719,-104.0959271,fiftymilemex
30.6649622,-104.0945148,fiftymilemex
30.4909715,-104.0951813,fiftymilemex
30.5047708,-104.0947971,fiftymilemex
30.4956713,-104.0947526,fiftymilemex
30.6554627,-104.0936733,fiftymilemex
30.5841665,-104.0940112,fiftymilemex
30.5955659,-104.0938413,fiftymilemex
30.6577626,-104.0932591,fiftymilemex
30.5858664,-104.0933008,fiftymilemex
30.6169648,-104.0930100,fiftymilemex
30.5075706,-104.0934800,fiftymilemex
30.6902608,-104.0922590,fiftymilemex
30.6620623,-104.0923327,fiftymilemex
30.6530628,-104.0922881,fiftymilemex
30.5975658,-104.0920290,fiftymilemex
30.4818720,-104.0926368,fiftymilemex
30.5951659,-104.0917438,fiftymilemex
30.6211645,-104.0914842,fiftymilemex
30.5001710,-104.0919252,fiftymilemex
30.6193646,-104.0908952,fiftymilemex
30.4669728,-104.0913277,fiftymilemex
30.4394743,-104.0902952,fiftymilemex
30.4463739,-104.0898532,fiftymilemex
30.4420742,-104.0896794,fiftymilemex
30.4505737,-104.0885276,fiftymilemex
30.4408742,-104.0879867,fiftymilemex
30.4844719,-104.0874210,fiftymilemex
30.4565734,-104.0873911,fiftymilemex
30.4876717,-104.0870015,fiftymilemex
30.4325747,-104.0871372,fiftymilemex
30.4430741,-104.0863733,fiftymilemex
30.4369744,-104.0852104,fiftymilemex
30.4488738,-104.0850380,fiftymilemex
30.4544735,-104.0849039,fiftymilemex
30.4620731,-104.0846576,fiftymilemex
30.4241751,-104.0842883,fiftymilemex
30.4610731,-104.0838637,fiftymilemex
30.4285749,-104.0839615,fiftymilemex
30.4211753,-104.0812065,fiftymilemex
30.4616731,-104.0805600,fiftymilemex
30.4663729,-104.0798314,fiftymilemex
30.4223752,-104.0768992,fiftymilemex
30.4209753,-104.0743078,fiftymilemex
30.4151756,-104.0740430,fiftymilemex
30.4192754,-104.0729181,fiftymilemex
30.4117758,-104.0721637,fiftymilemex
30.4116758,-104.0691643,fiftymilemex
30.4155756,-104.0690406,fiftymilemex
30.4119758,-104.0659625,fiftymilemex
30.4009764,-104.0652293,fiftymilemex
30.4163755,-104.0623357,fiftymilemex
30.3997764,-104.0623366,fiftymilemex
30.4134757,-104.0620534,fiftymilemex
30.3994764,-104.0596384,fiftymilemex
30.4023763,-104.0583208,fiftymilemex
30.3939767,-104.0534718,fiftymilemex
30.3894770,-104.0532992,fiftymilemex
30.3838773,-104.0477332,fiftymilemex
30.3844772,-104.0445295,fiftymilemex
30.3815774,-104.0410471,fiftymilemex
30.3662782,-104.0379399,fiftymilemex
30.3749778,-104.0375872,fiftymilemex
30.3628784,-104.0366606,fiftymilemex
30.3533789,-104.0324181,fiftymilemex
30.3519790,-104.0293266,fiftymilemex
30.3408796,-104.0289939,fiftymilemex
30.3600786,-104.0287775,fiftymilemex
30.3581787,-104.0284891,fiftymilemex
30.3524790,-104.0281236,fiftymilemex
30.3541789,-104.0264133,fiftymilemex
30.3566787,-104.0223981,fiftymilemex
30.3452793,-104.0200672,fiftymilemex
30.3297802,-104.0176611,fiftymilemex
30.3501791,-104.0171375,fiftymilemex
30.3379797,-104.0167114,fiftymilemex
30.3267803,-104.0132792,fiftymilemex
30.3275803,-104.0103744,fiftymilemex
30.3262804,-104.0081823,fiftymilemex
30.3203807,-104.0065180,fiftymilemex
30.3156809,-104.0028464,fiftymilemex
30.3186808,-104.0011283,fiftymilemex
30.3204807,-104.0001174,fiftymilemex
30.3190807,-103.9995258,fiftymilemex
30.3167809,-103.9992398,fiftymilemex
30.3097812,-103.9985821,fiftymilemex
30.3198807,-103.9984210,fiftymilemex
30.3064814,-103.9971021,fiftymilemex
30.3120811,-103.9936682,fiftymilemex
30.3028816,-103.9901238,fiftymilemex
30.3053815,-103.9893087,fiftymilemex
30.2931821,-103.9866824,fiftymilemex
30.2982819,-103.9858516,fiftymilemex
30.2899823,-103.9826018,fiftymilemex
30.2921822,-103.9823885,fiftymilemex
30.2886824,-103.9783096,fiftymilemex
30.2626838,-103.9777666,fiftymilemex
30.2679835,-103.9768346,fiftymilemex
30.2762830,-103.9763845,fiftymilemex
30.2672835,-103.9751388,fiftymilemex
30.2758831,-103.9746869,fiftymilemex
30.2702834,-103.9743207,fiftymilemex
30.2824827,-103.9741471,fiftymilemex
30.2799828,-103.9735622,fiftymilemex
30.2689834,-103.9735286,fiftymilemex
30.2707833,-103.9725177,fiftymilemex
30.2468846,-103.9685619,fiftymilemex
30.2577840,-103.9680961,fiftymilemex
30.2456847,-103.9680691,fiftymilemex
30.2484845,-103.9672522,fiftymilemex
30.2431848,-103.9649842,fiftymilemex
30.2455847,-103.9638697,fiftymilemex
30.2418849,-103.9635920,fiftymilemex
30.2526843,-103.9629269,fiftymilemex
30.2344853,-103.9604366,fiftymilemex
30.2274856,-103.9601788,fiftymilemex
30.2516844,-103.9585329,fiftymilemex
30.2494845,-103.9582462,fiftymilemex
30.2415849,-103.9575938,fiftymilemex
30.2314854,-103.9572547,fiftymilemex
30.2384851,-103.9570125,fiftymilemex
30.2249858,-103.9556938,fiftymilemex
30.2192861,-103.9542281,fiftymilemex
30.2104866,-103.9537811,fiftymilemex
30.2272857,-103.9532800,fiftymilemex
30.1919875,-103.9523924,fiftymilemex
30.2065868,-103.9520046,fiftymilemex
30.2147863,-103.9516552,fiftymilemex
30.1953874,-103.9493719,fiftymilemex
30.1949874,-103.9465743,fiftymilemex
30.1785883,-103.9448729,fiftymilemex
30.1838880,-103.9436411,fiftymilemex
30.1796882,-103.9416663,fiftymilemex
30.1770883,-103.9415819,fiftymilemex
30.1982872,-103.9400545,fiftymilemex
30.2008871,-103.9387389,fiftymilemex
30.1807881,-103.9376597,fiftymilemex
30.1777883,-103.9362777,fiftymilemex
30.1762884,-103.9331867,fiftymilemex
30.1699887,-103.9331245,fiftymilemex
30.1596893,-103.9268864,fiftymilemex
30.1576894,-103.9257984,fiftymilemex
30.1631891,-103.9251654,fiftymilemex
30.1513897,-103.9241362,fiftymilemex
30.1569894,-103.9214026,fiftymilemex
30.1545895,-103.9182170,fiftymilemex
30.1431901,-103.9168854,fiftymilemex
30.1480899,-103.9144560,fiftymilemex
30.1437901,-103.9142818,fiftymilemex
30.1469899,-103.9053626,fiftymilemex
30.1497898,-103.9050458,fiftymilemex
30.1444901,-103.9036776,fiftymilemex
30.1441901,-103.8956794,fiftymilemex
30.1386904,-103.8938124,fiftymilemex
30.1380904,-103.8850160,fiftymilemex
30.1283909,-103.8815741,fiftymilemex
30.1240912,-103.8761999,fiftymilemex
30.1198914,-103.8758250,fiftymilemex
30.1287909,-103.8741717,fiftymilemex
30.1134917,-103.8682633,fiftymilemex
30.1085920,-103.8681927,fiftymilemex
30.0989925,-103.8650501,fiftymilemex
30.1182915,-103.8644346,fiftymilemex
30.1151916,-103.8643532,fiftymilemex
30.0977926,-103.8624573,fiftymilemex
30.0942927,-103.8617783,fiftymilemex
30.1036922,-103.8604220,fiftymilemex
30.0920929,-103.8592914,fiftymilemex
30.0981925,-103.8572549,fiftymilemex
30.0946927,-103.8568759,fiftymilemex
30.0975926,-103.8552585,fiftymilemex
30.0999924,-103.8544442,fiftymilemex
30.0982925,-103.8537543,fiftymilemex
30.0942927,-103.8532783,fiftymilemex
30.0928928,-103.8529866,fiftymilemex
30.1002924,-103.8498424,fiftymilemex
30.0921929,-103.8426908,fiftymilemex
30.0863932,-103.8270255,fiftymilemex
30.0821934,-103.8258506,fiftymilemex
30.0822934,-103.8220500,fiftymilemex
30.0800935,-103.8204632,fiftymilemex
30.0800935,-103.8183632,fiftymilemex
30.0824934,-103.8079488,fiftymilemex
30.0800935,-103.8057632,fiftymilemex
30.0638944,-103.8019600,fiftymilemex
30.0560948,-103.7947066,fiftymilemex
30.0649943,-103.7944534,fiftymilemex
30.0525950,-103.7933275,fiftymilemex
30.0634944,-103.7925624,fiftymilemex
30.0600946,-103.7923827,fiftymilemex
30.0521950,-103.7888298,fiftymilemex
30.0542949,-103.7814173,fiftymilemex
30.0523950,-103.7781286,fiftymilemex
30.0492951,-103.7771471,fiftymilemex
30.0455953,-103.7698692,fiftymilemex
30.0470953,-103.7677603,fiftymilemex
30.0513950,-103.7669346,fiftymilemex
30.0509951,-103.7640370,fiftymilemex
30.0418955,-103.7636913,fiftymilemex
30.0390957,-103.7620080,fiftymilemex
30.0470953,-103.7612603,fiftymilemex
30.0389957,-103.7528086,fiftymilemex
30.0374958,-103.7493176,fiftymilemex
30.0314961,-103.7480533,fiftymilemex
30.0344959,-103.7470355,fiftymilemex
30.0302962,-103.7454605,fiftymilemex
30.0338960,-103.7352390,fiftymilemex
30.0320961,-103.7310498,fiftymilemex
30.0390957,-103.7301080,fiftymilemex
30.0356959,-103.7293283,fiftymilemex
30.0420955,-103.7273901,fiftymilemex
30.0427955,-103.7243859,fiftymilemex
30.0341959,-103.7210372,fiftymilemex
30.0408956,-103.7208973,fiftymilemex
30.0336960,-103.7199402,fiftymilemex
30.0346959,-103.7102343,fiftymilemex
30.0325960,-103.7029468,fiftymilemex
30.0301962,-103.7010611,fiftymilemex
30.0266963,-103.6820820,fiftymilemex
30.0230965,-103.6735034,fiftymilemex
30.0170969,-103.6705392,fiftymilemex
30.0151970,-103.6597505,fiftymilemex
30.0079973,-103.6497934,fiftymilemex
30.0074974,-103.6458964,fiftymilemex
30.0038976,-103.6429178,fiftymilemex
29.9913982,-103.6419922,fiftymilemex
29.9893983,-103.6400041,fiftymilemex
29.9691994,-103.6277243,fiftymilemex
29.9664995,-103.6268403,fiftymilemex
29.9953980,-103.6236684,fiftymilemex
29.9730992,-103.6224011,fiftymilemex
29.9870985,-103.6203178,fiftymilemex
29.9596999,-103.6191807,fiftymilemex
29.9917982,-103.6182898,fiftymilemex
29.9518003,-103.6049277,fiftymilemex
29.9457007,-103.6028639,fiftymilemex
29.9386010,-103.5953060,fiftymilemex
29.9276016,-103.5931713,fiftymilemex
29.9311014,-103.5929505,fiftymilemex
29.9376011,-103.5917120,fiftymilemex
29.9329013,-103.5907399,fiftymilemex
29.9255017,-103.5902838,fiftymilemex
29.9208020,-103.5888116,fiftymilemex
29.9204020,-103.5837140,fiftymilemex
29.9125024,-103.5797608,fiftymilemex
29.9081027,-103.5782869,fiftymilemex
29.9059028,-103.5776000,fiftymilemex
29.9127024,-103.5770597,fiftymilemex
29.9103025,-103.5761739,fiftymilemex
29.9006030,-103.5708314,fiftymilemex
29.9010030,-103.5671290,fiftymilemex
29.9044028,-103.5658088,fiftymilemex
29.9037029,-103.5631130,fiftymilemex
29.8983032,-103.5614450,fiftymilemex
29.8957033,-103.5580604,fiftymilemex
29.8982032,-103.5542456,fiftymilemex
29.8922035,-103.5536811,fiftymilemex
29.8883037,-103.5512042,fiftymilemex
29.8891037,-103.5478995,fiftymilemex
29.8922035,-103.5476811,fiftymilemex
29.8947034,-103.5447663,fiftymilemex
29.8921035,-103.5436817,fiftymilemex
29.8892037,-103.5390989,fiftymilemex
29.8907036,-103.5326900,fiftymilemex
29.8832040,-103.5318344,fiftymilemex
29.8811041,-103.5293468,fiftymilemex
29.8840039,-103.5224297,fiftymilemex
29.8840039,-103.5176297,fiftymilemex
29.8766043,-103.5083735,fiftymilemex
29.8720046,-103.5080007,fiftymilemex
29.8639050,-103.5012486,fiftymilemex
29.8700047,-103.5010125,fiftymilemex
29.8683048,-103.4998226,fiftymilemex
29.8570054,-103.4930894,fiftymilemex
29.8548055,-103.4874024,fiftymilemex
29.8566054,-103.4828917,fiftymilemex
29.8520056,-103.4774189,fiftymilemex
29.8425061,-103.4664750,fiftymilemex
29.8473059,-103.4660467,fiftymilemex
29.8404062,-103.4644874,fiftymilemex
29.8303068,-103.4480471,fiftymilemex
29.8222072,-103.4297949,fiftymilemex
29.8220072,-103.4256961,fiftymilemex
29.8159075,-103.4118321,fiftymilemex
29.8145076,-103.4025403,fiftymilemex
29.8097079,-103.3941686,fiftymilemex
29.8065080,-103.3836875,fiftymilemex
29.8072080,-103.3807834,fiftymilemex
29.8103078,-103.3782651,fiftymilemex
29.8079080,-103.3626792,fiftymilemex
29.8058081,-103.3604916,fiftymilemex
29.8055081,-103.3532934,fiftymilemex
29.8034082,-103.3486058,fiftymilemex
29.8047081,-103.3359981,fiftymilemex
29.8008083,-103.3292211,fiftymilemex
29.7947087,-103.3281570,fiftymilemex
29.7976085,-103.3120400,fiftymilemex
29.7967086,-103.3082453,fiftymilemex
29.7898089,-103.2998859,fiftymilemex
29.7920088,-103.2957730,fiftymilemex
29.7946087,-103.2955576,fiftymilemex
29.7957086,-103.2919512,fiftymilemex
29.7943087,-103.2846594,fiftymilemex
29.7911089,-103.2798783,fiftymilemex
29.7926088,-103.2766694,fiftymilemex
29.7900089,-103.2738847,fiftymilemex
29.7923088,-103.2665712,fiftymilemex
29.7904089,-103.2547824,fiftymilemex
29.7888090,-103.2482918,fiftymilemex
29.7833093,-103.2457242,fiftymilemex
29.7797095,-103.2365454,fiftymilemex
29.7847092,-103.2241160,fiftymilemex
29.7837092,-103.2200218,fiftymilemex
29.7774096,-103.2195589,fiftymilemex
29.7817094,-103.2187336,fiftymilemex
29.7719099,-103.2168913,fiftymilemex
29.7690100,-103.2103084,fiftymilemex
29.7706099,-103.2056990,fiftymilemex
29.7759097,-103.1990678,fiftymilemex
29.7759097,-103.1937678,fiftymilemex
29.7373117,-103.1930948,fiftymilemex
29.7374117,-103.1915942,fiftymilemex
29.7550108,-103.1913907,fiftymilemex
29.7543108,-103.1872949,fiftymilemex
29.7311120,-103.1870312,fiftymilemex
29.7584106,-103.1859707,fiftymilemex
29.7313120,-103.1801300,fiftymilemex
29.7380117,-103.1787907,fiftymilemex
29.7356118,-103.1782048,fiftymilemex
29.7439114,-103.1710560,fiftymilemex
29.7429114,-103.1685619,fiftymilemex
29.7340119,-103.1682142,fiftymilemex
29.7313120,-103.1680300,fiftymilemex
29.7378117,-103.1650918,fiftymilemex
29.7300121,-103.1607377,fiftymilemex
29.7260123,-103.1542612,fiftymilemex
29.7327119,-103.1533218,fiftymilemex
29.7297121,-103.1518394,fiftymilemex
29.7158128,-103.1506210,fiftymilemex
29.7119130,-103.1473439,fiftymilemex
29.7081132,-103.1407662,fiftymilemex
29.7033135,-103.1393944,fiftymilemex
29.7016136,-103.1352043,fiftymilemex
29.6913141,-103.1295647,fiftymilemex
29.6916141,-103.1261630,fiftymilemex
29.6955139,-103.1242401,fiftymilemex
29.6953139,-103.1150413,fiftymilemex
29.6880143,-103.1092841,fiftymilemex
29.6886143,-103.0994806,fiftymilemex
29.6846145,-103.0892040,fiftymilemex
29.6810147,-103.0705251,fiftymilemex
29.6798147,-103.0678321,fiftymilemex
29.6686153,-103.0628977,fiftymilemex
29.6721151,-103.0626772,fiftymilemex
29.6671154,-103.0612065,fiftymilemex
29.6713152,-103.0511819,fiftymilemex
29.6688153,-103.0435966,fiftymilemex
29.6728151,-103.0384731,fiftymilemex
29.6730151,-103.0294720,fiftymilemex
29.6756150,-103.0226567,fiftymilemex
29.6687153,-103.0146971,fiftymilemex
29.6685153,-103.0117983,fiftymilemex
29.6652155,-103.0103176,fiftymilemex
29.6607157,-103.0046440,fiftymilemex
29.6600158,-102.9939481,fiftymilemex
29.6605158,-102.9891451,fiftymilemex
29.6640156,-102.9840247,fiftymilemex
29.6662155,-102.9686118,fiftymilemex
29.6689153,-102.9651960,fiftymilemex
29.6598158,-102.9642492,fiftymilemex
29.6649155,-102.9615194,fiftymilemex
29.6539161,-102.9613838,fiftymilemex
29.6529162,-102.9595896,fiftymilemex
29.6551160,-102.9555767,fiftymilemex
29.6552160,-102.9503762,fiftymilemex
29.6478164,-102.9363194,fiftymilemex
29.6317173,-102.9362136,fiftymilemex
29.6392169,-102.9348697,fiftymilemex
29.6303174,-102.9317218,fiftymilemex
29.6309173,-102.9255182,fiftymilemex
29.6269175,-102.9173416,fiftymilemex
29.6211178,-102.9166755,fiftymilemex
29.6183180,-102.9160919,fiftymilemex
29.6174180,-102.9138971,fiftymilemex
29.6251176,-102.9126521,fiftymilemex
29.6189180,-102.9056884,fiftymilemex
29.6132183,-102.9029216,fiftymilemex
29.6036188,-102.8948777,fiftymilemex
29.6010189,-102.8888929,fiftymilemex
29.5981191,-102.8883098,fiftymilemex
29.5814199,-102.8859072,fiftymilemex
29.5770202,-102.8839328,fiftymilemex
29.5866197,-102.8828768,fiftymilemex
29.5955192,-102.8822249,fiftymilemex
29.5763202,-102.8752369,fiftymilemex
29.5780201,-102.8735270,fiftymilemex
29.5828199,-102.8723990,fiftymilemex
29.5776201,-102.8716293,fiftymilemex
29.5832198,-102.8623967,fiftymilemex
29.5763202,-102.8622369,fiftymilemex
29.5716205,-102.8575643,fiftymilemex
29.5688206,-102.8539806,fiftymilemex
29.5649208,-102.8471033,fiftymilemex
29.5674207,-102.8459887,fiftymilemex
29.5559213,-102.8454557,fiftymilemex
29.5542214,-102.8451656,fiftymilemex
29.5591211,-102.8417371,fiftymilemex
29.5525215,-102.8406755,fiftymilemex
29.5531214,-102.8321720,fiftymilemex
29.5480217,-102.8274017,fiftymilemex
29.5499216,-102.8167906,fiftymilemex
29.5433219,-102.8153290,fiftymilemex
29.5412221,-102.8126413,fiftymilemex
29.5450219,-102.8027192,fiftymilemex
29.5425220,-102.7998337,fiftymilemex
29.5318225,-102.7983959,fiftymilemex
29.5345224,-102.7953802,fiftymilemex
29.5341224,-102.7877826,fiftymilemex
29.5290227,-102.7733122,fiftymilemex
29.5294227,-102.7699099,fiftymilemex
29.5327225,-102.7652907,fiftymilemex
29.5380222,-102.7634599,fiftymilemex
29.5388222,-102.7617552,fiftymilemex
29.5480217,-102.7603017,fiftymilemex
29.5558213,-102.7565563,fiftymilemex
29.5388222,-102.7538552,fiftymilemex
29.5322225,-102.7518936,fiftymilemex
29.5280227,-102.7474180,fiftymilemex
29.5385222,-102.7468570,fiftymilemex
29.5536214,-102.7423691,fiftymilemex
29.5430220,-102.7396308,fiftymilemex
29.5503216,-102.7392883,fiftymilemex
29.5265228,-102.7393267,fiftymilemex
29.5292227,-102.7327111,fiftymilemex
29.5221231,-102.7278523,fiftymilemex
29.5194232,-102.7272680,fiftymilemex
29.5363223,-102.7263698,fiftymilemex
29.5251229,-102.7229349,fiftymilemex
29.5141235,-102.7215988,fiftymilemex
29.5354224,-102.7197750,fiftymilemex
29.5136235,-102.7196017,fiftymilemex
29.5304226,-102.7193041,fiftymilemex
29.5176233,-102.7138785,fiftymilemex
29.5170233,-102.7084820,fiftymilemex
29.4916247,-102.7006294,fiftymilemex
29.4885248,-102.7005474,fiftymilemex
29.5110236,-102.6984168,fiftymilemex
29.4869249,-102.6972567,fiftymilemex
29.4935246,-102.6951184,fiftymilemex
29.4992243,-102.6937853,fiftymilemex
29.4863249,-102.6918602,fiftymilemex
29.4917247,-102.6865289,fiftymilemex
29.4969244,-102.6826987,fiftymilemex
29.5043240,-102.6810557,fiftymilemex
29.5064239,-102.6791435,fiftymilemex
29.4970244,-102.6652981,fiftymilemex
29.4907247,-102.6626347,fiftymilemex
29.4916247,-102.6503294,fiftymilemex
29.5021241,-102.6399685,fiftymilemex
29.4939245,-102.6325161,fiftymilemex
29.4980243,-102.6268923,fiftymilemex
29.4975244,-102.6145952,fiftymilemex
29.4929246,-102.5935219,fiftymilemex
29.4880249,-102.5877503,fiftymilemex
29.4907247,-102.5827347,fiftymilemex
29.4846250,-102.5784701,fiftymilemex
29.4881248,-102.5780498,fiftymilemex
29.4824251,-102.5760828,fiftymilemex
29.4840251,-102.5723735,fiftymilemex
29.4819252,-102.5659857,fiftymilemex
29.4855250,-102.5633648,fiftymilemex
29.4879249,-102.5561509,fiftymilemex
29.4941245,-102.5462149,fiftymilemex
29.4923246,-102.5390254,fiftymilemex
29.4947245,-102.5355115,fiftymilemex
29.5107237,-102.5284186,fiftymilemex
29.4946245,-102.5282120,fiftymilemex
29.4989243,-102.5256871,fiftymilemex
29.5237230,-102.5197430,fiftymilemex
29.5503216,-102.5180883,fiftymilemex
29.5433219,-102.5151290,fiftymilemex
29.5280227,-102.5134180,fiftymilemex
29.5707205,-102.5123695,fiftymilemex
29.5372223,-102.5098645,fiftymilemex
29.5709205,-102.5087684,fiftymilemex
29.5746203,-102.5075468,fiftymilemex
29.5749203,-102.5044450,fiftymilemex
29.5738203,-102.5032515,fiftymilemex
29.5654208,-102.5032004,fiftymilemex
29.5637209,-102.5016103,fiftymilemex
29.5771202,-102.4988322,fiftymilemex
29.5638209,-102.4974097,fiftymilemex
29.5703205,-102.4968718,fiftymilemex
29.5982190,-102.4911092,fiftymilemex
29.5860197,-102.4885803,fiftymilemex
29.6013189,-102.4879911,fiftymilemex
29.6040187,-102.4811753,fiftymilemex
29.6015189,-102.4760899,fiftymilemex
29.6109184,-102.4654351,fiftymilemex
29.6057187,-102.4564654,fiftymilemex
29.6072186,-102.4509567,fiftymilemex
29.6116183,-102.4452310,fiftymilemex
29.6232177,-102.4415632,fiftymilemex
29.6297174,-102.4356253,fiftymilemex
29.6338172,-102.4344013,fiftymilemex
29.6363170,-102.4303867,fiftymilemex
29.6349171,-102.4264949,fiftymilemex
29.6452166,-102.4263347,fiftymilemex
29.6475164,-102.4237212,fiftymilemex
29.6369170,-102.4230832,fiftymilemex
29.6479164,-102.4200189,fiftymilemex
29.6587159,-102.4193557,fiftymilemex
29.6611157,-102.4127416,fiftymilemex
29.6838145,-102.4088087,fiftymilemex
29.6711152,-102.4068831,fiftymilemex
29.6903142,-102.4052706,fiftymilemex
29.6966139,-102.3895337,fiftymilemex
29.6961139,-102.3853366,fiftymilemex
29.6891142,-102.3679776,fiftymilemex
29.6839145,-102.3618081,fiftymilemex
29.6887143,-102.3613800,fiftymilemex
29.6943140,-102.3562472,fiftymilemex
29.7015136,-102.3546049,fiftymilemex
29.7020136,-102.3527020,fiftymilemex
29.6990137,-102.3509196,fiftymilemex
29.6986137,-102.3489219,fiftymilemex
29.7051134,-102.3431838,fiftymilemex
29.7041135,-102.3362897,fiftymilemex
29.7013136,-102.3306061,fiftymilemex
29.7086132,-102.3297633,fiftymilemex
29.7019136,-102.3281026,fiftymilemex
29.7227125,-102.3265805,fiftymilemex
29.7258123,-102.3264623,fiftymilemex
29.7105131,-102.3252521,fiftymilemex
29.7173128,-102.3237122,fiftymilemex
29.7296121,-102.3227400,fiftymilemex
29.7301121,-102.3194371,fiftymilemex
29.7719099,-102.3163913,fiftymilemex
29.7689100,-102.3163090,fiftymilemex
29.7647103,-102.3135337,fiftymilemex
29.7866091,-102.3132048,fiftymilemex
29.7900089,-102.3130847,fiftymilemex
29.7749097,-102.3121737,fiftymilemex
29.7796095,-102.3096460,fiftymilemex
29.7193127,-102.3099005,fiftymilemex
29.7907089,-102.3088806,fiftymilemex
29.7643103,-102.3068360,fiftymilemex
29.7956086,-102.3058517,fiftymilemex
29.7190127,-102.3052023,fiftymilemex
29.8189074,-102.3029144,fiftymilemex
29.7985085,-102.2997347,fiftymilemex
29.8007083,-102.2985217,fiftymilemex
29.8062081,-102.2983893,fiftymilemex
29.7561107,-102.2982843,fiftymilemex
29.8219072,-102.2973967,fiftymilemex
29.8284069,-102.2971583,fiftymilemex
29.8353065,-102.2945176,fiftymilemex
29.8312067,-102.2941418,fiftymilemex
29.8582053,-102.2934823,fiftymilemex
29.7565107,-102.2910819,fiftymilemex
29.8524056,-102.2902166,fiftymilemex
29.8480058,-102.2900426,fiftymilemex
29.7239124,-102.2893735,fiftymilemex
29.8650049,-102.2874421,fiftymilemex
29.7271122,-102.2877547,fiftymilemex
29.8624051,-102.2824574,fiftymilemex
29.7520109,-102.2821084,fiftymilemex
29.7425114,-102.2818642,fiftymilemex
29.7467112,-102.2809395,fiftymilemex
29.7335119,-102.2785171,fiftymilemex
29.7375117,-102.2770936,fiftymilemex
29.8617051,-102.2713616,fiftymilemex
29.8751044,-102.2546823,fiftymilemex
29.8850039,-102.2545237,fiftymilemex
29.8878037,-102.2505072,fiftymilemex
29.8722046,-102.2490995,fiftymilemex
29.8892037,-102.2437989,fiftymilemex
29.9195020,-102.2424193,fiftymilemex
29.8994031,-102.2417385,fiftymilemex
29.9436008,-102.2412764,fiftymilemex
29.9487005,-102.2408461,fiftymilemex
29.9544002,-102.2398122,fiftymilemex
29.9450007,-102.2397680,fiftymilemex
29.9278016,-102.2357701,fiftymilemex
29.9130024,-102.2350579,fiftymilemex
29.9073027,-102.2347917,fiftymilemex
29.9676995,-102.2339332,fiftymilemex
29.9653996,-102.2333469,fiftymilemex
29.9725992,-102.2317041,fiftymilemex
29.9087026,-102.2290834,fiftymilemex
29.9611998,-102.2282718,fiftymilemex
29.9140023,-102.2283520,fiftymilemex
29.9869985,-102.2243184,fiftymilemex
29.9073027,-102.2246917,fiftymilemex
29.9818987,-102.2234488,fiftymilemex
29.9126024,-102.2228603,fiftymilemex
29.9931981,-102.2222815,fiftymilemex
29.9104025,-102.2216733,fiftymilemex
30.0293962,-102.2174659,fiftymilemex
30.0329960,-102.2172444,fiftymilemex
30.0142970,-102.2163559,fiftymilemex
30.0260964,-102.2154855,fiftymilemex
30.0045975,-102.2155136,fiftymilemex
29.9943981,-102.2132744,fiftymilemex
30.0108972,-102.2129761,fiftymilemex
29.9970979,-102.2096583,fiftymilemex
30.0362958,-102.2082247,fiftymilemex
30.0397957,-102.2061038,fiftymilemex
30.0499951,-102.2019430,fiftymilemex
30.0430955,-102.2009841,fiftymilemex
30.0530949,-102.2004245,fiftymilemex
30.0463953,-102.2003645,fiftymilemex
30.0527950,-102.1892263,fiftymilemex
30.0710940,-102.1864170,fiftymilemex
30.0652943,-102.1861516,fiftymilemex
30.0575947,-102.1849976,fiftymilemex
30.0569947,-102.1830012,fiftymilemex
30.0828934,-102.1827464,fiftymilemex
30.0771937,-102.1820805,fiftymilemex
30.0839933,-102.1811399,fiftymilemex
30.0587946,-102.1797904,fiftymilemex
30.1050922,-102.1770136,fiftymilemex
30.0824934,-102.1747488,fiftymilemex
30.1081920,-102.1730951,fiftymilemex
30.0898930,-102.1707046,fiftymilemex
30.1088920,-102.1694909,fiftymilemex
30.1026923,-102.1550280,fiftymilemex
30.1399903,-102.1500046,fiftymilemex
30.1130917,-102.1500657,fiftymilemex
30.1449900,-102.1496746,fiftymilemex
30.1082920,-102.1486945,fiftymilemex
30.1356905,-102.1473303,fiftymilemex
30.1292909,-102.1469687,fiftymilemex
30.1520897,-102.1444320,fiftymilemex
30.1509897,-102.1379386,fiftymilemex
30.1536896,-102.1339224,fiftymilemex
30.1607892,-102.1337798,fiftymilemex
30.1587893,-102.1321918,fiftymilemex
30.1687888,-102.1207318,fiftymilemex
30.1768883,-102.1167831,fiftymilemex
30.1816881,-102.1120543,fiftymilemex
30.1958873,-102.1073689,fiftymilemex
30.2074867,-102.1064991,fiftymilemex
30.1822881,-102.1045507,fiftymilemex
30.1870878,-102.1013218,fiftymilemex
30.2319854,-102.0988517,fiftymilemex
30.2177862,-102.0980372,fiftymilemex
30.2157863,-102.0961492,fiftymilemex
30.2329853,-102.0953456,fiftymilemex
30.2381851,-102.0893143,fiftymilemex
30.2549842,-102.0816130,fiftymilemex
30.2553842,-102.0751106,fiftymilemex
30.2493845,-102.0746468,fiftymilemex
30.2455847,-102.0666697,fiftymilemex
30.2436848,-102.0476812,fiftymilemex
30.2443847,-102.0379769,fiftymilemex
30.2466846,-102.0301631,fiftymilemex
30.2585840,-102.0197913,fiftymilemex
30.2580840,-102.0149943,fiftymilemex
30.2616838,-102.0054726,fiftymilemex
30.2593839,-101.9963865,fiftymilemex
30.2651836,-101.9869515,fiftymilemex
30.2756831,-101.9818881,fiftymilemex
30.2649836,-101.9816527,fiftymilemex
30.2695834,-101.9798250,fiftymilemex
30.2669835,-101.9797406,fiftymilemex
30.2794829,-101.9794652,fiftymilemex
30.2818827,-101.9754507,fiftymilemex
30.2774830,-101.9703773,fiftymilemex
30.2594839,-101.9628859,fiftymilemex
30.2652836,-101.9625509,fiftymilemex
30.2555841,-101.9585094,fiftymilemex
30.2549842,-101.9556130,fiftymilemex
30.2584840,-101.9479919,fiftymilemex
30.2643837,-101.9426563,fiftymilemex
30.2921822,-101.9259885,fiftymilemex
30.2890824,-101.9253072,fiftymilemex
30.2941821,-101.9247764,fiftymilemex
30.2757831,-101.9207875,fiftymilemex
30.2841826,-101.9177368,fiftymilemex
30.2914822,-101.9064927,fiftymilemex
30.2972819,-101.8945577,fiftymilemex
30.2883824,-101.8898114,fiftymilemex
30.2936821,-101.8896794,fiftymilemex
30.2865825,-101.8882223,fiftymilemex
30.2867825,-101.8797211,fiftymilemex
30.2923822,-101.8759873,fiftymilemex
30.2938821,-101.8726782,fiftymilemex
30.2852826,-101.8657302,fiftymilemex
30.2881824,-101.8552126,fiftymilemex
30.2837826,-101.8462392,fiftymilemex
30.2871825,-101.8424187,fiftymilemex
30.2796829,-101.8296640,fiftymilemex
30.2795829,-101.8223646,fiftymilemex
30.2745831,-101.8145948,fiftymilemex
30.2799828,-101.8062622,fiftymilemex
30.2796829,-101.8029640,fiftymilemex
30.2931821,-101.7972824,fiftymilemex
30.2714833,-101.7954135,fiftymilemex
30.2814828,-101.7925531,fiftymilemex
30.2983819,-101.7861510,fiftymilemex
30.3108812,-101.7848754,fiftymilemex
30.3004817,-101.7845383,fiftymilemex
30.3555788,-101.7712048,fiftymilemex
30.3424795,-101.7698842,fiftymilemex
30.3583786,-101.7694878,fiftymilemex
30.3632784,-101.7591581,fiftymilemex
30.3731778,-101.7566981,fiftymilemex
30.3757777,-101.7500823,fiftymilemex
30.3797775,-101.7483580,fiftymilemex
30.3785776,-101.7406653,fiftymilemex
30.3732778,-101.7389975,fiftymilemex
30.3838773,-101.7313332,fiftymilemex
30.3743778,-101.7305908,fiftymilemex
30.3782776,-101.7295671,fiftymilemex
30.3890770,-101.7282016,fiftymilemex
30.3903769,-101.7230937,fiftymilemex
30.3873771,-101.7184119,fiftymilemex
30.3880771,-101.7076077,fiftymilemex
30.3838773,-101.7023332,fiftymilemex
30.3816774,-101.6939465,fiftymilemex
30.3732778,-101.6880975,fiftymilemex
30.3735778,-101.6826957,fiftymilemex
30.3782776,-101.6759671,fiftymilemex
30.3780776,-101.6719684,fiftymilemex
30.3656783,-101.6709436,fiftymilemex
30.3735778,-101.6688957,fiftymilemex
30.3634784,-101.6672569,fiftymilemex
30.3638783,-101.6596545,fiftymilemex
30.3737778,-101.6568944,fiftymilemex
30.3745778,-101.6532896,fiftymilemex
30.3616785,-101.6524678,fiftymilemex
30.3591786,-101.6515830,fiftymilemex
30.3696780,-101.6502193,fiftymilemex
30.3586786,-101.6387860,fiftymilemex
30.3508790,-101.6302333,fiftymilemex
30.3512790,-101.6268309,fiftymilemex
30.3543789,-101.6220121,fiftymilemex
30.3548788,-101.6168091,fiftymilemex
30.3535789,-101.6134169,fiftymilemex
30.3473792,-101.6070545,fiftymilemex
30.3466793,-101.6033587,fiftymilemex
30.3493791,-101.6003424,fiftymilemex
30.3576787,-101.5978921,fiftymilemex
30.3591786,-101.5939830,fiftymilemex
30.3564787,-101.5890994,fiftymilemex
30.3416795,-101.5882890,fiftymilemex
30.3368798,-101.5872181,fiftymilemex
30.3504791,-101.5855357,fiftymilemex
30.3472792,-101.5854551,fiftymilemex
30.3357799,-101.5735248,fiftymilemex
30.3292802,-101.5682641,fiftymilemex
30.3245805,-101.5669926,fiftymilemex
30.3216806,-101.5610101,fiftymilemex
30.3222806,-101.5583065,fiftymilemex
30.3136810,-101.5507585,fiftymilemex
30.3122811,-101.5434670,fiftymilemex
30.3083813,-101.5363906,fiftymilemex
30.3124811,-101.5275658,fiftymilemex
30.3116811,-101.5260706,fiftymilemex
30.3022816,-101.5233274,fiftymilemex
30.3035816,-101.5214196,fiftymilemex
30.3018817,-101.5160299,fiftymilemex
30.3037816,-101.5077184,fiftymilemex
30.3014817,-101.5014323,fiftymilemex
30.3052815,-101.4914093,fiftymilemex
30.3021817,-101.4853280,fiftymilemex
30.2973819,-101.4819571,fiftymilemex
30.2969819,-101.4800595,fiftymilemex
30.2971819,-101.4624583,fiftymilemex
30.2951820,-101.4592704,fiftymilemex
30.2958820,-101.4564661,fiftymilemex
30.2992818,-101.4548456,fiftymilemex
30.3096812,-101.4480827,fiftymilemex
30.3002818,-101.4478395,fiftymilemex
30.3128811,-101.4464633,fiftymilemex
30.3022816,-101.4454274,fiftymilemex
30.3143810,-101.4428543,fiftymilemex
30.3123811,-101.4368664,fiftymilemex
30.3131811,-101.4300615,fiftymilemex
30.3077814,-101.4227942,fiftymilemex
30.3162809,-101.4039428,fiftymilemex
30.3079813,-101.3984930,fiftymilemex
30.3074814,-101.3939960,fiftymilemex
30.3096812,-101.3913827,fiftymilemex
30.3202807,-101.3903186,fiftymilemex
30.3253804,-101.3888877,fiftymilemex
30.3166809,-101.3888404,fiftymilemex
30.3260804,-101.3826835,fiftymilemex
30.3230805,-101.3742016,fiftymilemex
30.3104812,-101.3706779,fiftymilemex
30.3061814,-101.3651039,fiftymilemex
30.3060814,-101.3617045,fiftymilemex
30.3118811,-101.3529694,fiftymilemex
30.3098812,-101.3431815,fiftymilemex
30.2958820,-101.3410661,fiftymilemex
30.3042815,-101.3403154,fiftymilemex
30.2930821,-101.3369830,fiftymilemex
30.2961820,-101.3297643,fiftymilemex
30.3080813,-101.3199924,fiftymilemex
30.3077814,-101.2979942,fiftymilemex
30.3038816,-101.2914178,fiftymilemex
30.3057815,-101.2879063,fiftymilemex
30.3043815,-101.2821147,fiftymilemex
30.3083813,-101.2739906,fiftymilemex
30.3173808,-101.2634361,fiftymilemex
30.3180808,-101.2600319,fiftymilemex
30.3170809,-101.2563379,fiftymilemex
30.3127811,-101.2541640,fiftymilemex
30.3040815,-101.2455166,fiftymilemex
30.3174808,-101.2328355,fiftymilemex
30.3128811,-101.2321633,fiftymilemex
30.2976819,-101.2309552,fiftymilemex
30.3208806,-101.2296150,fiftymilemex
30.2996818,-101.2268432,fiftymilemex
30.3028816,-101.2260238,fiftymilemex
30.3218806,-101.2245089,fiftymilemex
30.3038816,-101.2213178,fiftymilemex
30.2949820,-101.2190716,fiftymilemex
30.3098812,-101.2136815,fiftymilemex
30.2903823,-101.2117994,fiftymilemex
30.3144810,-101.2113537,fiftymilemex
30.2895823,-101.1960042,fiftymilemex
30.2931821,-101.1932824,fiftymilemex
30.2983819,-101.1930510,fiftymilemex
30.2994818,-101.1826444,fiftymilemex
30.2878824,-101.1622145,fiftymilemex
30.2885824,-101.1487102,fiftymilemex
30.2834827,-101.1463410,fiftymilemex
30.2818827,-101.1420507,fiftymilemex
30.2817827,-101.1376513,fiftymilemex
30.2861825,-101.1324247,fiftymilemex
30.2861825,-101.1275247,fiftymilemex
30.2743831,-101.1204960,fiftymilemex
30.2721833,-101.1176093,fiftymilemex
30.2760830,-101.1051857,fiftymilemex
30.2813828,-101.0973537,fiftymilemex
30.2790829,-101.0938676,fiftymilemex
30.2714833,-101.0893135,fiftymilemex
30.2709833,-101.0835165,fiftymilemex
30.2781829,-101.0797730,fiftymilemex
30.2815828,-101.0697525,fiftymilemex
30.2771830,-101.0662791,fiftymilemex
30.2757831,-101.0621875,fiftymilemex
30.2689834,-101.0597286,fiftymilemex
30.2644837,-101.0514557,fiftymilemex
30.2683835,-101.0433322,fiftymilemex
30.2709833,-101.0408165,fiftymilemex
30.2784829,-101.0380712,fiftymilemex
30.2807828,-101.0336573,fiftymilemex
30.2800828,-101.0244616,fiftymilemex
30.2838826,-101.0114386,fiftymilemex
30.2796829,-100.9823640,fiftymilemex
30.2985818,-100.9808498,fiftymilemex
30.2849826,-100.9798320,fiftymilemex
30.3063814,-100.9773027,fiftymilemex
30.3104812,-100.9717779,fiftymilemex
30.3116811,-100.9649706,fiftymilemex
30.3144810,-100.9598537,fiftymilemex
30.3200807,-100.9550198,fiftymilemex
30.3218806,-100.9513089,fiftymilemex
30.3181808,-100.9475313,fiftymilemex
30.2749831,-100.9472924,fiftymilemex
30.2709833,-100.9470165,fiftymilemex
30.2967819,-100.9463607,fiftymilemex
30.2684835,-100.9442316,fiftymilemex
30.3085813,-100.9425894,fiftymilemex
30.2688834,-100.9381292,fiftymilemex
30.2746831,-100.9267942,fiftymilemex
30.2745831,-100.9096948,fiftymilemex
30.2847826,-100.8938332,fiftymilemex
30.2938821,-100.8868782,fiftymilemex
30.2996818,-100.8710432,fiftymilemex
30.2991818,-100.8645462,fiftymilemex
30.2810828,-100.8629555,fiftymilemex
30.2950820,-100.8607710,fiftymilemex
30.2733832,-100.8600020,fiftymilemex
30.2636837,-100.8585606,fiftymilemex
30.2601839,-100.8536817,fiftymilemex
30.2614838,-100.8444738,fiftymilemex
30.2572841,-100.8235992,fiftymilemex
30.2629837,-100.8224648,fiftymilemex
30.2519843,-100.8181311,fiftymilemex
30.2813828,-100.8163537,fiftymilemex
30.2689834,-100.8096286,fiftymilemex
30.2810828,-100.8087555,fiftymilemex
30.2488845,-100.8088498,fiftymilemex
30.2723832,-100.8066081,fiftymilemex
30.2286856,-100.8067715,fiftymilemex
30.2763830,-100.8057839,fiftymilemex
30.2241858,-100.8054986,fiftymilemex
30.2455847,-100.8048697,fiftymilemex
30.2384851,-100.8040125,fiftymilemex
30.1878878,-100.7815170,fiftymilemex
30.2100866,-100.7808835,fiftymilemex
30.2031869,-100.7798250,fiftymilemex
30.1767884,-100.7734837,fiftymilemex
30.1645890,-100.7713570,fiftymilemex
30.1590893,-100.7688900,fiftymilemex
30.1582893,-100.7664948,fiftymilemex
30.1597893,-100.7636858,fiftymilemex
30.1723886,-100.7558101,fiftymilemex
30.1699887,-100.7450245,fiftymilemex
30.1707887,-100.7299197,fiftymilemex
30.1695887,-100.7243270,fiftymilemex
30.1141917,-100.7217592,fiftymilemex
30.0976926,-100.7194579,fiftymilemex
30.1273910,-100.7187801,fiftymilemex
30.1645890,-100.7138570,fiftymilemex
30.0876931,-100.7136177,fiftymilemex
30.1588893,-100.7097912,fiftymilemex
30.1456900,-100.7095704,fiftymilemex
30.1522897,-100.7086308,fiftymilemex
30.0825934,-100.7055482,fiftymilemex
30.0824934,-100.7001488,fiftymilemex
30.1257911,-100.6881897,fiftymilemex
30.0980925,-100.6874555,fiftymilemex
30.1114918,-100.6853753,fiftymilemex
30.1321907,-100.6847513,fiftymilemex
30.1400903,-100.6768040,fiftymilemex
30.1408903,-100.6722992,fiftymilemex
30.0370958,-100.6700199,fiftymilemex
30.0485952,-100.6697513,fiftymilemex
30.0327960,-100.6675456,fiftymilemex
30.0616945,-100.6630731,fiftymilemex
30.0311961,-100.6630551,fiftymilemex
30.1373905,-100.6622201,fiftymilemex
30.1135917,-100.6607627,fiftymilemex
30.1298909,-100.6562651,fiftymilemex
30.0765937,-100.6516841,fiftymilemex
30.0340960,-100.6452378,fiftymilemex
30.0283963,-100.5945718,fiftymilemex
30.0223966,-100.5851076,fiftymilemex
30.0009977,-100.5714351,fiftymilemex
29.9848986,-100.5568309,fiftymilemex
29.9830987,-100.5512416,fiftymilemex
29.9870985,-100.5390178,fiftymilemex
29.9786989,-100.5248678,fiftymilemex
29.9805988,-100.5119565,fiftymilemex
29.9798988,-100.4978606,fiftymilemex
29.9688994,-100.4694261,fiftymilemex
29.9512004,-100.4664312,fiftymilemex
29.9398010,-100.4526989,fiftymilemex
29.9209020,-100.4484110,fiftymilemex
29.9249018,-100.4472873,fiftymilemex
29.9169022,-100.4467348,fiftymilemex
29.8982032,-100.4268456,fiftymilemex
29.8844039,-100.4239273,fiftymilemex
29.8912035,-100.4232870,fiftymilemex
29.8796042,-100.4206557,fiftymilemex
29.8757044,-100.4145788,fiftymilemex
29.8732045,-100.4036936,fiftymilemex
29.8648049,-100.3826433,fiftymilemex
29.8622051,-100.3819586,fiftymilemex
29.8572054,-100.3735882,fiftymilemex
29.8581053,-100.3597829,fiftymilemex
29.8520056,-100.3531189,fiftymilemex
29.8439061,-100.3510668,fiftymilemex
29.8418062,-100.3486792,fiftymilemex
29.8418062,-100.3461792,fiftymilemex
29.8371064,-100.3380069,fiftymilemex
29.8363065,-100.3299117,fiftymilemex
29.8348065,-100.3279205,fiftymilemex
29.8294068,-100.3268524,fiftymilemex
29.8270070,-100.3176666,fiftymilemex
29.8236071,-100.3165866,fiftymilemex
29.8197073,-100.3091096,fiftymilemex
29.8210073,-100.3036020,fiftymilemex
29.8178074,-100.2964208,fiftymilemex
29.8087079,-100.2915745,fiftymilemex
29.7931087,-100.2906665,fiftymilemex
29.7899089,-100.2862853,fiftymilemex
29.7862091,-100.2738071,fiftymilemex
29.7859091,-100.2652089,fiftymilemex
29.7825093,-100.2632289,fiftymilemex
29.7822093,-100.2590307,fiftymilemex
29.7748097,-100.2512742,fiftymilemex
29.7720099,-100.2455907,fiftymilemex
29.7718099,-100.2353919,fiftymilemex
29.7746097,-100.2284754,fiftymilemex
29.7641103,-100.2269372,fiftymilemex
29.7667101,-100.2268219,fiftymilemex
29.7743097,-100.2246772,fiftymilemex
29.7716099,-100.2233931,fiftymilemex
29.7625104,-100.2164466,fiftymilemex
29.7443113,-100.2076536,fiftymilemex
29.7556107,-100.2065872,fiftymilemex
29.7392116,-100.2064836,fiftymilemex
29.7525109,-100.2049054,fiftymilemex
29.7360118,-100.2032024,fiftymilemex
29.7383116,-100.1958889,fiftymilemex
29.7299121,-100.1922383,fiftymilemex
29.7149129,-100.1874263,fiftymilemex
29.7105131,-100.1870521,fiftymilemex
29.6831146,-100.1871128,fiftymilemex
29.7210126,-100.1845905,fiftymilemex
29.6788148,-100.1838380,fiftymilemex
29.7095132,-100.1801580,fiftymilemex
29.7061133,-100.1778780,fiftymilemex
29.6953139,-100.1771413,fiftymilemex
29.6758150,-100.1751556,fiftymilemex
29.6705152,-100.1745866,fiftymilemex
29.6674154,-100.1707047,fiftymilemex
29.6649155,-100.1579194,fiftymilemex
29.6606158,-100.1504446,fiftymilemex
29.6504163,-100.1499042,fiftymilemex
29.6581159,-100.1481592,fiftymilemex
29.6377170,-100.1357785,fiftymilemex
29.6293174,-100.1201276,fiftymilemex
29.6273175,-100.1102393,fiftymilemex
29.6216178,-100.0959726,fiftymilemex
29.6111184,-100.0863339,fiftymilemex
29.5963191,-100.0793203,fiftymilemex
29.5851197,-100.0759856,fiftymilemex
29.5609210,-100.0754266,fiftymilemex
29.5423220,-100.0720349,fiftymilemex
29.5285227,-100.0682151,fiftymilemex
29.4533267,-100.0638515,fiftymilemex
29.5187232,-100.0629721,fiftymilemex
29.4589264,-100.0630190,fiftymilemex
29.4726257,-100.0628397,fiftymilemex
29.5062239,-100.0612447,fiftymilemex
29.5100237,-100.0606226,fiftymilemex
29.4933246,-100.0606196,fiftymilemex
29.4706258,-100.0599512,fiftymilemex
29.4668260,-100.0592733,fiftymilemex
29.4777254,-100.0586101,fiftymilemex
29.4982243,-100.0577911,fiftymilemex
29.4503268,-100.0577689,fiftymilemex
29.4250282,-100.0534153,fiftymilemex
29.4270281,-100.0518037,fiftymilemex
29.4374275,-100.0504435,fiftymilemex
29.4217283,-100.0489344,fiftymilemex
29.4141287,-100.0451783,fiftymilemex
29.4272281,-100.0440025,fiftymilemex
29.4349276,-100.0434580,fiftymilemex
29.4294279,-100.0421898,fiftymilemex
29.4143287,-100.0393771,fiftymilemex
29.4164286,-100.0372650,fiftymilemex
29.4199284,-100.0371448,fiftymilemex
29.4206284,-100.0350407,fiftymilemex
29.4179285,-100.0292563,fiftymilemex
29.4133288,-100.0283829,fiftymilemex
29.4116289,-100.0259927,fiftymilemex
29.4111289,-100.0233956,fiftymilemex
29.4132288,-100.0194835,fiftymilemex
29.3981296,-100.0160707,fiftymilemex
29.4120289,-100.0135904,fiftymilemex
29.3967297,-100.0133788,fiftymilemex
29.3900300,-100.0116175,fiftymilemex
29.3852303,-100.0115452,fiftymilemex
29.3835303,-100.0096550,fiftymilemex
29.3750308,-100.0043041,fiftymilemex
29.3994295,-100.0038632,fiftymilemex
29.3940298,-100.0032944,fiftymilemex
29.3833304,-100.0031562,fiftymilemex
29.3720310,-100.0027214,fiftymilemex
29.3972296,-100.0021759,fiftymilemex
29.3656313,-99.9921583,fiftymilemex
29.3462323,-99.9899701,fiftymilemex
29.3385327,-99.9875144,fiftymilemex
29.3592316,-99.9858952,fiftymilemex
29.3362328,-99.9833277,fiftymilemex
29.3396327,-99.9748081,fiftymilemex
29.3366328,-99.9606254,fiftymilemex
29.3232335,-99.9592025,fiftymilemex
29.3289332,-99.9585697,fiftymilemex
29.3184338,-99.9549301,fiftymilemex
29.2917352,-99.9513836,fiftymilemex
29.2859355,-99.9484169,fiftymilemex
29.2692363,-99.9468128,fiftymilemex
29.2989348,-99.9462422,fiftymilemex
29.2744361,-99.9462829,fiftymilemex
29.2825356,-99.9438364,fiftymilemex
29.2791358,-99.9430560,fiftymilemex
29.2662365,-99.9417300,fiftymilemex
29.2680364,-99.9345197,fiftymilemex
29.2617367,-99.9279558,fiftymilemex
29.2526372,-99.9279080,fiftymilemex
29.2169391,-99.9257125,fiftymilemex
29.1945403,-99.9220406,fiftymilemex
29.2329382,-99.9216209,fiftymilemex
29.2506373,-99.9209194,fiftymilemex
29.2273385,-99.9203529,fiftymilemex
29.1721414,-99.9141686,fiftymilemex
29.1691416,-99.9112857,fiftymilemex
29.1660417,-99.8936034,fiftymilemex
29.1575422,-99.8884519,fiftymilemex
29.1512425,-99.8755878,fiftymilemex
29.1528424,-99.8699787,fiftymilemex
29.1274438,-99.8628235,fiftymilemex
29.1196442,-99.8614679,fiftymilemex
29.1480427,-99.8598061,fiftymilemex
29.1167443,-99.8478844,fiftymilemex
29.1088447,-99.8464294,fiftymilemex
29.1066449,-99.8442419,fiftymilemex
29.0602473,-99.8256057,fiftymilemex
29.0668469,-99.8237682,fiftymilemex
29.0459480,-99.8193868,fiftymilemex
29.0955454,-99.8129051,fiftymilemex
29.0854460,-99.8118625,fiftymilemex
29.0914456,-99.8112284,fiftymilemex
29.0378484,-99.8087328,fiftymilemex
29.0251491,-99.8031048,fiftymilemex
28.9871511,-99.7834199,fiftymilemex
28.9899509,-99.7829041,fiftymilemex
28.9919508,-99.7797928,fiftymilemex
28.9769516,-99.7754776,fiftymilemex
28.9924508,-99.7703899,fiftymilemex
29.0145497,-99.7685648,fiftymilemex
28.9138549,-99.7649337,fiftymilemex
28.9966506,-99.7593662,fiftymilemex
28.8968558,-99.7582295,fiftymilemex
28.9252543,-99.7570695,fiftymilemex
28.9592525,-99.7558776,fiftymilemex
29.0127498,-99.7549750,fiftymilemex
28.9529529,-99.7529132,fiftymilemex
28.9389536,-99.7517922,fiftymilemex
29.0037502,-99.7508260,fiftymilemex
29.0097499,-99.7487920,fiftymilemex
28.8696572,-99.7340825,fiftymilemex
28.8565579,-99.7302562,fiftymilemex
28.7940611,-99.7103068,fiftymilemex
28.7892614,-99.7097337,fiftymilemex
28.8304592,-99.7071027,fiftymilemex
28.7854616,-99.7069550,fiftymilemex
28.8100603,-99.7042171,fiftymilemex
28.8226596,-99.7025465,fiftymilemex
28.7804618,-99.6984829,fiftymilemex
28.7681625,-99.6899518,fiftymilemex
28.7488635,-99.6718597,fiftymilemex
28.7447637,-99.6625826,fiftymilemex
28.7462636,-99.6434742,fiftymilemex
28.7436637,-99.6374887,fiftymilemex
28.7367641,-99.6337273,fiftymilemex
28.7095655,-99.6294791,fiftymilemex
28.7017659,-99.6261226,fiftymilemex
28.7000660,-99.6122320,fiftymilemex
28.6954662,-99.6009577,fiftymilemex
28.6890666,-99.5902933,fiftymilemex
28.6814670,-99.5846357,fiftymilemex
28.6780672,-99.5756546,fiftymilemex
28.6785671,-99.5580518,fiftymilemex
28.6662678,-99.5369203,fiftymilemex
28.6566683,-99.5030737,fiftymilemex
28.6537684,-99.5002898,fiftymilemex
28.6395691,-99.4948687,fiftymilemex
28.6247699,-99.4848510,fiftymilemex
28.6043710,-99.4738642,fiftymilemex
28.6143704,-99.4732087,fiftymilemex
28.5955714,-99.4702130,fiftymilemex
28.5895717,-99.4636462,fiftymilemex
28.5836720,-99.4457789,fiftymilemex
28.5761724,-99.4355205,fiftymilemex
28.5458740,-99.4296882,fiftymilemex
28.5306748,-99.4248722,fiftymilemex
28.5040762,-99.4082191,fiftymilemex
28.4935767,-99.3779771,fiftymilemex
28.4927767,-99.3566815,fiftymilemex
28.4626783,-99.3567474,fiftymilemex
28.4513789,-99.3553096,fiftymilemex
28.4480790,-99.3529277,fiftymilemex
28.4766776,-99.3504702,fiftymilemex
28.4907768,-99.3492925,fiftymilemex
28.4437793,-99.3457514,fiftymilemex
28.4375796,-99.3438855,fiftymilemex
28.4293800,-99.3369306,fiftymilemex
28.3841823,-99.3224788,fiftymilemex
28.3923819,-99.3211338,fiftymilemex
28.3744828,-99.3195320,fiftymilemex
28.4228803,-99.3186663,fiftymilemex
28.4021814,-99.3129800,fiftymilemex
28.4102810,-99.3119356,fiftymilemex
28.3660833,-99.3112780,fiftymilemex
28.3602836,-99.3009098,fiftymilemex
28.3360848,-99.2966423,fiftymilemex
28.3108861,-99.2965801,fiftymilemex
28.3512840,-99.2953591,fiftymilemex
28.3462843,-99.2944865,fiftymilemex
28.3072863,-99.2942998,fiftymilemex
28.3230855,-99.2927134,fiftymilemex
28.3044864,-99.2896151,fiftymilemex
28.3043864,-99.2696156,fiftymilemex
28.2888872,-99.2633003,fiftymilemex
28.2780878,-99.2612592,fiftymilemex
28.2736880,-99.2551832,fiftymilemex
28.2735880,-99.2497837,fiftymilemex
28.2757879,-99.2428717,fiftymilemex
28.2866874,-99.2367123,fiftymilemex
28.2841875,-99.2317259,fiftymilemex
28.2757879,-99.2269717,fiftymilemex
28.2500892,-99.2190118,fiftymilemex
28.2433896,-99.2122483,fiftymilemex
28.2411897,-99.2074603,fiftymilemex
28.2408897,-99.2033619,fiftymilemex
28.2438896,-99.1938456,fiftymilemex
28.2410897,-99.1882608,fiftymilemex
28.2316902,-99.1798120,fiftymilemex
28.2218907,-99.1759653,fiftymilemex
28.1980919,-99.1532947,fiftymilemex
28.1834927,-99.1434740,fiftymilemex
28.1778929,-99.1421044,fiftymilemex
28.1678935,-99.1300587,fiftymilemex
28.1654936,-99.1241717,fiftymilemex
28.1658936,-99.1188695,fiftymilemex
28.1742931,-99.1155239,fiftymilemex
28.1792929,-99.1095968,fiftymilemex
28.1743931,-99.1087234,fiftymilemex
28.1719932,-99.1060364,fiftymilemex
28.1690934,-99.0982522,fiftymilemex
28.1704933,-99.0899446,fiftymilemex
28.1468945,-99.0859725,fiftymilemex
28.1690934,-99.0854522,fiftymilemex
28.1504944,-99.0852530,fiftymilemex
28.1656936,-99.0813706,fiftymilemex
28.1541942,-99.0802330,fiftymilemex
28.1592939,-99.0779053,fiftymilemex
28.1397949,-99.0752110,fiftymilemex
28.1408948,-99.0684050,fiftymilemex
28.1371950,-99.0584251,fiftymilemex
28.1398949,-99.0475105,fiftymilemex
28.1503944,-99.0464536,fiftymilemex
28.1540942,-99.0437335,fiftymilemex
28.1439947,-99.0424882,fiftymilemex
28.1533942,-99.0401373,fiftymilemex
28.1478945,-99.0355671,fiftymilemex
28.1523943,-99.0230427,fiftymilemex
28.1502944,-99.0155541,fiftymilemex
28.1459946,-99.0122774,fiftymilemex
28.1381950,-99.0112197,fiftymilemex
28.1164961,-99.0041371,fiftymilemex
28.1139962,-99.0040507,fiftymilemex
28.1313953,-99.0028565,fiftymilemex
28.1184960,-98.9988263,fiftymilemex
28.1125963,-98.9978582,fiftymilemex
28.1287955,-98.9968706,fiftymilemex
28.1214958,-98.9966101,fiftymilemex
28.1177960,-98.9803301,fiftymilemex
28.1197959,-98.9778193,fiftymilemex
28.1240957,-98.9763960,fiftymilemex
28.1245957,-98.9741933,fiftymilemex
28.1148962,-98.9601458,fiftymilemex
27.8270109,-98.9594918,fiftymilemex
27.8331106,-98.9581593,fiftymilemex
27.8226111,-98.9579153,fiftymilemex
28.1004969,-98.9549237,fiftymilemex
28.0896975,-98.9489820,fiftymilemex
28.0087016,-98.9486187,fiftymilemex
27.8153115,-98.9493542,fiftymilemex
28.0326004,-98.9457901,fiftymilemex
28.0227009,-98.9453434,fiftymilemex
28.0070017,-98.9435279,fiftymilemex
28.0434998,-98.9427313,fiftymilemex
28.0547993,-98.9421704,fiftymilemex
27.8352105,-98.9429481,fiftymilemex
28.0629988,-98.9391262,fiftymilemex
28.0670986,-98.9344041,fiftymilemex
28.0797980,-98.9334355,fiftymilemex
27.8146115,-98.9334579,fiftymilemex
28.0745982,-98.9315636,fiftymilemex
27.8640090,-98.9290944,fiftymilemex
27.8493098,-98.9257729,fiftymilemex
27.8167114,-98.9248467,fiftymilemex
27.8770083,-98.9241250,fiftymilemex
28.0106015,-98.9217085,fiftymilemex
27.7834131,-98.9182240,fiftymilemex
27.9485047,-98.9162421,fiftymilemex
27.9571043,-98.9159960,fiftymilemex
27.8143115,-98.9160595,fiftymilemex
27.7770134,-98.9160580,fiftymilemex
28.0081016,-98.9138220,fiftymilemex
27.9025070,-98.9137886,fiftymilemex
27.9653038,-98.9132520,fiftymilemex
27.8911076,-98.9133496,fiftymilemex
27.7732136,-98.9125782,fiftymilemex
27.9096067,-98.9104506,fiftymilemex
27.7991123,-98.9093404,fiftymilemex
27.8047120,-98.9091106,fiftymilemex
27.9778032,-98.9037849,fiftymilemex
27.7699138,-98.9042957,fiftymilemex
27.9859028,-98.9029414,fiftymilemex
27.9996021,-98.9017677,fiftymilemex
27.9900026,-98.8993193,fiftymilemex
27.7789133,-98.8836479,fiftymilemex
27.5746237,-98.8754285,fiftymilemex
27.5655242,-98.8737764,fiftymilemex
27.7716137,-98.8719867,fiftymilemex
27.5807234,-98.8708964,fiftymilemex
27.5324259,-98.8686503,fiftymilemex
27.7337156,-98.8672880,fiftymilemex
27.5517249,-98.8675489,fiftymilemex
27.5298260,-98.8674639,fiftymilemex
27.5438253,-98.8665904,fiftymilemex
27.6173216,-98.8650036,fiftymilemex
27.7613142,-98.8635414,fiftymilemex
27.7470150,-98.8633174,fiftymilemex
27.6616193,-98.8622697,fiftymilemex
27.6558196,-98.8611004,fiftymilemex
27.5895230,-98.8582501,fiftymilemex
27.5213264,-98.8561085,fiftymilemex
27.7123167,-98.8550014,fiftymilemex
27.7201163,-98.8546601,fiftymilemex
27.6315208,-98.8546287,fiftymilemex
27.6487200,-98.8542379,fiftymilemex
27.6357206,-98.8534065,fiftymilemex
27.6697189,-98.8523269,fiftymilemex
27.6031223,-98.8512784,fiftymilemex
27.6866180,-98.8483375,fiftymilemex
27.5207265,-98.8489117,fiftymilemex
27.5224264,-98.8366028,fiftymilemex
27.5204265,-98.8318133,fiftymilemex
27.5103270,-98.8260663,fiftymilemex
27.4727289,-98.8181632,fiftymilemex
27.4978276,-98.8152318,fiftymilemex
27.4767287,-98.8149423,fiftymilemex
27.4586296,-98.8147370,fiftymilemex
27.4925279,-98.8102596,fiftymilemex
27.4493301,-98.8082856,fiftymilemex
27.4829284,-98.8048098,fiftymilemex
27.4898280,-98.8044737,fiftymilemex
27.4435304,-98.8007159,fiftymilemex
27.4403305,-98.7918327,fiftymilemex
27.4384306,-98.7755426,fiftymilemex
27.4344308,-98.7679635,fiftymilemex
27.3901331,-98.7524946,fiftymilemex
27.4300311,-98.7519865,fiftymilemex
27.4101321,-98.7469903,fiftymilemex
27.4215315,-98.7462309,fiftymilemex
27.3760338,-98.7408681,fiftymilemex
27.3747339,-98.7336749,fiftymilemex
27.3755338,-98.7183707,fiftymilemex
27.3683342,-98.7041082,fiftymilemex
27.3555348,-98.6937748,fiftymilemex
27.3254364,-98.6860312,fiftymilemex
27.2969378,-98.6665792,fiftymilemex
27.2580398,-98.6651807,fiftymilemex
27.2558399,-98.6639921,fiftymilemex
27.2032425,-98.6346640,fiftymilemex
27.2352409,-98.6334987,fiftymilemex
27.1693442,-98.6267388,fiftymilemex
27.1324461,-98.6038287,fiftymilemex
27.0587498,-98.5970070,fiftymilemex
27.0524501,-98.5965392,fiftymilemex
27.0711492,-98.5958434,fiftymilemex
27.0675494,-98.5935619,fiftymilemex
27.0465504,-98.5923694,fiftymilemex
27.0412507,-98.5789966,fiftymilemex
27.0360509,-98.5539232,fiftymilemex
27.0269514,-98.5438697,fiftymilemex
26.9434556,-98.5396958,fiftymilemex
26.9457555,-98.5393841,fiftymilemex
26.9362560,-98.5363325,fiftymilemex
26.9482553,-98.5330714,fiftymilemex
27.0100522,-98.5301561,fiftymilemex
26.9523551,-98.5288505,fiftymilemex
26.9586548,-98.5284184,fiftymilemex
26.9686543,-98.5266674,fiftymilemex
26.9638546,-98.5259919,fiftymilemex
26.9281564,-98.5258737,fiftymilemex
26.9223566,-98.5221032,fiftymilemex
26.9790538,-98.5194144,fiftymilemex
26.9861534,-98.5173782,fiftymilemex
26.9185568,-98.5153226,fiftymilemex
26.9085573,-98.5111734,fiftymilemex
26.9071574,-98.5076805,fiftymilemex
26.9078574,-98.4884770,fiftymilemex
26.9128571,-98.4794515,fiftymilemex
26.9213567,-98.4700083,fiftymilemex
26.9240566,-98.4623946,fiftymilemex
26.9229566,-98.4572002,fiftymilemex
26.9176569,-98.4480271,fiftymilemex
26.9036576,-98.4389983,fiftymilemex
26.9028576,-98.4370024,fiftymilemex
26.9040576,-98.4296963,fiftymilemex
26.9019577,-98.4142069,fiftymilemex
26.9106572,-98.4044627,fiftymilemex
26.9116572,-98.3998576,fiftymilemex
26.9093573,-98.3952693,fiftymilemex
26.9093573,-98.3894693,fiftymilemex
26.8876584,-98.3823796,fiftymilemex
26.9050575,-98.3806912,fiftymilemex
26.8951580,-98.3796415,fiftymilemex
26.8821587,-98.3759075,fiftymilemex
26.8798588,-98.3694192,fiftymilemex
26.8809587,-98.3630136,fiftymilemex
26.8961580,-98.3615364,fiftymilemex
26.8827586,-98.3614044,fiftymilemex
26.8884583,-98.3603755,fiftymilemex
26.9051575,-98.3528907,fiftymilemex
26.9026576,-98.3498034,fiftymilemex
26.8905582,-98.3494648,fiftymilemex
26.8855585,-98.3445902,fiftymilemex
26.8825586,-98.3390055,fiftymilemex
26.8813587,-98.3275115,fiftymilemex
26.8707592,-98.3274653,fiftymilemex
26.8758590,-98.3256395,fiftymilemex
26.8636596,-98.3234013,fiftymilemex
26.8677594,-98.3153806,fiftymilemex
26.8724592,-98.2971567,fiftymilemex
26.8767589,-98.2871349,fiftymilemex
26.8745590,-98.2771461,fiftymilemex
26.8699593,-98.2747694,fiftymilemex
26.8688593,-98.2693750,fiftymilemex
26.8745590,-98.2575461,fiftymilemex
26.8812587,-98.2511121,fiftymilemex
26.8813587,-98.2454115,fiftymilemex
26.8764590,-98.2407364,fiftymilemex
26.8781589,-98.2309278,fiftymilemex
26.8714592,-98.2249618,fiftymilemex
26.8581599,-98.2222292,fiftymilemex
26.8411607,-98.2157154,fiftymilemex
26.8482604,-98.2144794,fiftymilemex
26.8364610,-98.2049392,fiftymilemex
26.8353610,-98.1958447,fiftymilemex
26.8364610,-98.1905392,fiftymilemex
26.8141621,-98.1830520,fiftymilemex
26.8417607,-98.1816123,fiftymilemex
26.8184619,-98.1813303,fiftymilemex
26.8065625,-98.1775905,fiftymilemex
26.8183619,-98.1774308,fiftymilemex
26.8417607,-98.1772123,fiftymilemex
26.8290613,-98.1736766,fiftymilemex
26.8256615,-98.1712938,fiftymilemex
26.8041626,-98.1698026,fiftymilemex
26.8132621,-98.1687566,fiftymilemex
26.8145621,-98.1647500,fiftymilemex
26.8239616,-98.1646024,fiftymilemex
26.8188618,-98.1627283,fiftymilemex
26.8088623,-98.1610788,fiftymilemex
26.8096623,-98.1558748,fiftymilemex
26.8063625,-98.1490915,fiftymilemex
26.7865635,-98.1466915,fiftymilemex
26.7826636,-98.1466112,fiftymilemex
26.7887633,-98.1437804,fiftymilemex
26.7896633,-98.1372759,fiftymilemex
26.7997628,-98.1345248,fiftymilemex
26.7974629,-98.1290365,fiftymilemex
26.7765640,-98.1285420,fiftymilemex
26.7880634,-98.1283839,fiftymilemex
26.7912632,-98.1264678,fiftymilemex
26.7755640,-98.1131471,fiftymilemex
26.7735641,-98.1081572,fiftymilemex
26.7555650,-98.1060480,fiftymilemex
26.7670644,-98.1046900,fiftymilemex
26.7509652,-98.1028712,fiftymilemex
26.7468654,-98.0965918,fiftymilemex
26.7461655,-98.0832954,fiftymilemex
26.7515652,-98.0718681,fiftymilemex
26.7530651,-98.0606606,fiftymilemex
26.7624647,-98.0592132,fiftymilemex
26.7702643,-98.0499738,fiftymilemex
26.7659645,-98.0468955,fiftymilemex
26.7569649,-98.0439409,fiftymilemex
26.7584649,-98.0408333,fiftymilemex
26.7636646,-98.0389071,fiftymilemex
26.7637646,-98.0347066,fiftymilemex
26.7683644,-98.0247834,fiftymilemex
26.7549650,-98.0120510,fiftymilemex
26.7669644,-98.0096905,fiftymilemex
26.7450655,-98.0066009,fiftymilemex
26.7617647,-98.0061167,fiftymilemex
26.7443656,-98.0037044,fiftymilemex
26.7494653,-98.0005787,fiftymilemex
26.7520652,-97.9965656,fiftymilemex
26.7521652,-97.9932651,fiftymilemex
26.7368659,-97.9916422,fiftymilemex
26.7464655,-97.9910938,fiftymilemex
26.7347660,-97.9891528,fiftymilemex
26.7355660,-97.9864488,fiftymilemex
26.7549650,-97.9851510,fiftymilemex
26.7581649,-97.9843349,fiftymilemex
26.7427656,-97.9824125,fiftymilemex
26.7522652,-97.9797646,fiftymilemex
26.7449655,-97.9743014,fiftymilemex
26.7522652,-97.9739646,fiftymilemex
26.7483654,-97.9724843,fiftymilemex
26.7547650,-97.9711520,fiftymilemex
26.7359660,-97.9626467,fiftymilemex
26.7376659,-97.9568382,fiftymilemex
26.7384659,-97.9537342,fiftymilemex
26.7320662,-97.9524664,fiftymilemex
26.7460655,-97.9489959,fiftymilemex
26.7309662,-97.9484719,fiftymilemex
26.7344661,-97.9468543,fiftymilemex
26.7376659,-97.9396382,fiftymilemex
26.7229666,-97.9347122,fiftymilemex
26.7198668,-97.9344278,fiftymilemex
26.7336661,-97.9323583,fiftymilemex
26.7189668,-97.9310323,fiftymilemex
26.7328661,-97.9276624,fiftymilemex
26.7235666,-97.9175092,fiftymilemex
26.7233666,-97.9133102,fiftymilemex
26.7126671,-97.9107640,fiftymilemex
26.7256665,-97.9100986,fiftymilemex
26.7192668,-97.9090308,fiftymilemex
26.7154670,-97.9089500,fiftymilemex
26.7299663,-97.9087770,fiftymilemex
26.7111672,-97.9085716,fiftymilemex
26.7198668,-97.9058278,fiftymilemex
26.7121672,-97.9055666,fiftymilemex
26.7143671,-97.9046555,fiftymilemex
26.7313662,-97.8975699,fiftymilemex
26.7366659,-97.8876432,fiftymilemex
26.7353660,-97.8848498,fiftymilemex
26.7282664,-97.8833855,fiftymilemex
26.7272664,-97.8815906,fiftymilemex
26.7334661,-97.8768593,fiftymilemex
26.7116672,-97.8719691,fiftymilemex
26.7155670,-97.8715494,fiftymilemex
26.7087673,-97.8689837,fiftymilemex
26.7206667,-97.8667238,fiftymilemex
26.7250665,-97.8662016,fiftymilemex
26.7019677,-97.8527179,fiftymilemex
26.6941681,-97.8440571,fiftymilemex
26.6922682,-97.8305666,fiftymilemex
26.6821687,-97.8299174,fiftymilemex
26.6887683,-97.8289842,fiftymilemex
26.6777689,-97.8204395,fiftymilemex
26.6682694,-97.8143872,fiftymilemex
26.6671694,-97.8102927,fiftymilemex
26.6790688,-97.7945329,fiftymilemex
26.6682694,-97.7937872,fiftymilemex
26.6726691,-97.7915651,fiftymilemex
26.6830686,-97.7871128,fiftymilemex
26.6699693,-97.7862786,fiftymilemex
26.6786688,-97.7849349,fiftymilemex
26.6616697,-97.7795203,fiftymilemex
26.6641696,-97.7761077,fiftymilemex
26.6712692,-97.7759721,fiftymilemex
26.6762690,-97.7735470,fiftymilemex
26.6775689,-97.7701405,fiftymilemex
26.6632696,-97.7662123,fiftymilemex
26.6605698,-97.7658258,fiftymilemex
26.6488703,-97.7630845,fiftymilemex
26.6565700,-97.7626459,fiftymilemex
26.6517702,-97.7620699,fiftymilemex
26.6696693,-97.7607801,fiftymilemex
26.6537701,-97.7541599,fiftymilemex
26.6288713,-97.7491847,fiftymilemex
26.6248715,-97.7377048,fiftymilemex
26.6133721,-97.7332623,fiftymilemex
26.6205717,-97.7312263,fiftymilemex
26.6172719,-97.7296428,fiftymilemex
26.6283714,-97.7274872,fiftymilemex
26.6125721,-97.7271663,fiftymilemex
26.6139721,-97.7253593,fiftymilemex
26.6159720,-97.7252493,fiftymilemex
26.6308712,-97.7244747,fiftymilemex
26.6313712,-97.7187722,fiftymilemex
26.6148720,-97.7158548,fiftymilemex
26.6116722,-97.7123708,fiftymilemex
26.6184719,-97.7100368,fiftymilemex
26.6094723,-97.7048819,fiftymilemex
26.6263715,-97.7025972,fiftymilemex
26.6239716,-97.6996093,fiftymilemex
26.6276714,-97.6991907,fiftymilemex
26.6171719,-97.6981433,fiftymilemex
26.6309712,-97.6967742,fiftymilemex
26.6033726,-97.6957124,fiftymilemex
26.6312712,-97.6936727,fiftymilemex
26.6276714,-97.6933907,fiftymilemex
26.5954730,-97.6920519,fiftymilemex
26.5892733,-97.6793829,fiftymilemex
26.5827736,-97.6773154,fiftymilemex
26.5877734,-97.6570904,fiftymilemex
26.5864734,-97.6469969,fiftymilemex
26.5797738,-97.6410304,fiftymilemex
26.5769739,-97.6326443,fiftymilemex
26.5668744,-97.6273948,fiftymilemex
26.5636746,-97.6227108,fiftymilemex
26.5638746,-97.6203098,fiftymilemex
26.5748740,-97.6151548,fiftymilemex
26.5742741,-97.6112578,fiftymilemex
26.5767739,-97.6084453,fiftymilemex
26.5840736,-97.6075089,fiftymilemex
26.5705742,-97.6072763,fiftymilemex
26.5712742,-97.6047728,fiftymilemex
26.5858735,-97.6045999,fiftymilemex
26.5821737,-97.6001184,fiftymilemex
26.5734741,-97.5959618,fiftymilemex
26.5673744,-97.5901923,fiftymilemex
26.5646745,-97.5899058,fiftymilemex
26.5750740,-97.5891538,fiftymilemex
26.5641746,-97.5866083,fiftymilemex
26.5742741,-97.5861578,fiftymilemex
26.5711742,-97.5858733,fiftymilemex
26.5688743,-97.5795848,fiftymilemex
26.5617747,-97.5773202,fiftymilemex
26.5658745,-97.5771998,fiftymilemex
26.5596748,-97.5749307,fiftymilemex
26.5611747,-97.5713232,fiftymilemex
26.5671744,-97.5674933,fiftymilemex
26.5735741,-97.5646613,fiftymilemex
26.5810737,-97.5644239,fiftymilemex
26.5848735,-97.5597049,fiftymilemex
26.5751740,-97.5591533,fiftymilemex
26.5835736,-97.5561114,fiftymilemex
26.5725741,-97.5552663,fiftymilemex
26.5781739,-97.5325383,fiftymilemex
26.5710742,-97.5261738,fiftymilemex
26.5691743,-97.5214833,fiftymilemex
26.5800738,-97.5135289,fiftymilemex
26.5744740,-97.5094568,fiftymilemex
26.5818737,-97.5089199,fiftymilemex
26.5523751,-97.5081672,fiftymilemex
26.5471754,-97.5055931,fiftymilemex
26.5780739,-97.5041388,fiftymilemex
26.5702743,-97.5031778,fiftymilemex
26.5469754,-97.5008941,fiftymilemex
26.5552750,-97.4997527,fiftymilemex
26.5626746,-97.4981158,fiftymilemex
26.5568749,-97.4901447,fiftymilemex
26.5548750,-97.4738547,fiftymilemex
26.5519752,-97.4666692,fiftymilemex
26.5614747,-97.4623217,fiftymilemex
26.5721742,-97.4610683,fiftymilemex
26.5775739,-97.4557413,fiftymilemex
26.5760740,-97.4527488,fiftymilemex
26.5691743,-97.4489833,fiftymilemex
26.5721742,-97.4437683,fiftymilemex
26.5767739,-97.4418453,fiftymilemex
26.5686743,-97.4407858,fiftymilemex
26.5766739,-97.4398458,fiftymilemex
26.5666744,-97.4397958,fiftymilemex
26.5733741,-97.4385623,fiftymilemex
26.5726741,-97.4356658,fiftymilemex
26.5754740,-97.4304518,fiftymilemex
26.5752740,-97.4251528,fiftymilemex
26.5687743,-97.4197853,fiftymilemex
26.5711742,-97.4166733,fiftymilemex
26.5766739,-97.4153458,fiftymilemex
26.5777739,-97.4080403,fiftymilemex
26.5694743,-97.4064818,fiftymilemex
26.5681744,-97.4014883,fiftymilemex
26.5638746,-97.3979098,fiftymilemex
26.5622747,-97.3938177,fiftymilemex
26.5635746,-97.3902113,fiftymilemex
26.5719742,-97.3830693,fiftymilemex
26.5727741,-97.3789653,fiftymilemex
26.5707742,-97.3726753,fiftymilemex
26.5724741,-97.3648668,fiftymilemex
26.5761740,-97.3614483,fiftymilemex
26.5687743,-97.3592853,fiftymilemex
26.5658745,-97.3591998,fiftymilemex
26.5750740,-97.3584538,fiftymilemex
26.5653745,-97.3550023,fiftymilemex
26.5685743,-97.3474863,fiftymilemex
26.5670744,-97.3383938,fiftymilemex
26.5716742,-97.3288708,fiftymilemex
26.5708742,-97.3188748,fiftymilemex
26.5725741,-97.3162663,fiftymilemex
26.5771739,-97.3149433,fiftymilemex
26.5751740,-97.3046533,fiftymilemex
26.5673744,-97.2968923,fiftymilemex
26.5787738,-97.2919354,fiftymilemex
26.5715742,-97.2902713,fiftymilemex
26.5805737,-97.2892264,fiftymilemex
26.5635746,-97.2889113,fiftymilemex
26.5769739,-97.2872443,fiftymilemex
26.5624746,-97.2784168,fiftymilemex
26.5636746,-97.2671108,fiftymilemex
26.5614747,-97.2640217,fiftymilemex
26.5561750,-97.2622482,fiftymilemex
26.5608747,-97.2566247,fiftymilemex
26.5663745,-97.2536973,fiftymilemex
26.5671744,-97.2471933,fiftymilemex
26.5559750,-97.2444492,fiftymilemex
26.5645745,-97.2428063,fiftymilemex
26.5546750,-97.2403557,fiftymilemex
26.5591748,-97.2402332,fiftymilemex
26.5658745,-97.2391998,fiftymilemex
26.5559750,-97.2389492,fiftymilemex
26.5686743,-97.2358858,fiftymilemex
26.5707742,-97.2289753,fiftymilemex
26.5633746,-97.2268123,fiftymilemex
26.5536751,-97.2258607,fiftymilemex
26.5498753,-97.2252796,fiftymilemex
26.5576749,-97.2235407,fiftymilemex
26.5637746,-97.2207103,fiftymilemex
26.5443755,-97.2197071,fiftymilemex
26.5583748,-97.2171372,fiftymilemex
26.5599748,-97.2167292,fiftymilemex
26.5443755,-97.2098071,fiftymilemex
26.5397758,-97.2059300,fiftymilemex
26.5552750,-97.2045527,fiftymilemex
26.5511752,-97.2039731,fiftymilemex
26.5435756,-97.2030110,fiftymilemex
26.5470754,-97.1971936,fiftymilemex
26.5578749,-97.1959397,fiftymilemex
26.5389758,-97.1922340,fiftymilemex
26.5521752,-97.1906682,fiftymilemex
26.5361760,-97.1895479,fiftymilemex
26.5420757,-97.1802185,fiftymilemex
26.5375759,-97.1773410,fiftymilemex
26.5408757,-97.1768245,fiftymilemex
26.5366759,-97.1760455,fiftymilemex
26.5402758,-97.1708275,fiftymilemex
26.5389758,-97.1633340,fiftymilemex
26.5425756,-97.1627160,fiftymilemex
26.5346760,-97.1496554,fiftymilemex
26.5418757,-97.1494195,fiftymilemex
26.5335761,-97.1485609,fiftymilemex
26.5394758,-97.1462315,fiftymilemex
26.5367759,-97.1375450,fiftymilemex
26.5451755,-97.1372031,fiftymilemex
26.5482754,-97.1350876,fiftymilemex
26.5459755,-97.1321991,fiftymilemex
26.5413757,-97.1302220,fiftymilemex
26.5344760,-97.1256564,fiftymilemex
26.5412757,-97.1250225,fiftymilemex
26.5379759,-97.1217390,fiftymilemex
26.5429756,-97.1213140,fiftymilemex
26.5293763,-97.1196818,fiftymilemex
26.5326761,-97.1178654,fiftymilemex
26.5378759,-97.1156395,fiftymilemex
26.5410757,-97.1041235,fiftymilemex
26.5363759,-97.1037469,fiftymilemex
26.5433756,-97.1028120,fiftymilemex
26.5384758,-97.1012365,fiftymilemex
26.5445755,-97.0989061,fiftymilemex
26.5399758,-97.0970290,fiftymilemex
26.5299763,-97.0961788,fiftymilemex
26.5350760,-97.0954534,fiftymilemex
26.5394758,-97.0952315,fiftymilemex
26.5419757,-97.0925190,fiftymilemex
26.5481754,-97.0917881,fiftymilemex
26.5486753,-97.0905856,fiftymilemex
26.5427756,-97.0885150,fiftymilemex
26.5305762,-97.0857759,fiftymilemex
26.5264764,-97.0796963,fiftymilemex
26.5342761,-97.0784574,fiftymilemex
26.5285763,-97.0780858,fiftymilemex
26.5209767,-97.0774237,fiftymilemex
26.5231766,-97.0771127,fiftymilemex
26.5379759,-97.0744390,fiftymilemex
26.5383758,-97.0728370,fiftymilemex
26.5224766,-97.0688162,fiftymilemex
26.5345760,-97.0679559,fiftymilemex
26.5245765,-97.0657058,fiftymilemex
26.5302763,-97.0651773,fiftymilemex
26.5106772,-97.0638750,fiftymilemex
26.5000778,-97.0625277,fiftymilemex
26.5036776,-97.0624098,fiftymilemex
26.5114772,-97.0605710,fiftymilemex
26.5070774,-97.0599929,fiftymilemex
26.4984778,-97.0586357,fiftymilemex
26.5081774,-97.0565874,fiftymilemex
26.5070774,-97.0554929,fiftymilemex
26.5166769,-97.0552451,fiftymilemex
26.5136771,-97.0544600,fiftymilemex
26.5057775,-97.0539994,fiftymilemex
26.5024776,-97.0517158,fiftymilemex
26.5077774,-97.0513894,fiftymilemex
26.4997778,-97.0501292,fiftymilemex
26.5030776,-97.0484128,fiftymilemex
26.4949780,-97.0483531,fiftymilemex
26.5130771,-97.0481630,fiftymilemex
26.4982778,-97.0481367,fiftymilemex
26.5056775,-97.0465999,fiftymilemex
26.4896783,-97.0449795,fiftymilemex
26.4765789,-97.0389446,fiftymilemex
26.4873784,-97.0361909,fiftymilemex
26.4823786,-97.0361158,fiftymilemex
26.4679794,-97.0304873,fiftymilemex
26.4674794,-97.0265898,fiftymilemex
26.4721791,-97.0221664,fiftymilemex
26.4462804,-97.0124950,fiftymilemex
26.4437806,-97.0118074,fiftymilemex
26.4655795,-97.0114992,fiftymilemex
26.4491803,-97.0106806,fiftymilemex
26.4729791,-97.0104625,fiftymilemex
26.4433806,-97.0081094,fiftymilemex
26.4526801,-97.0065633,fiftymilemex
26.4535801,-97.0035588,fiftymilemex
26.4456805,-97.0028980,fiftymilemex
26.4565799,-97.0013439,fiftymilemex
26.4383808,-96.9965342,fiftymilemex
26.4630796,-96.9963116,fiftymilemex
26.4442805,-96.9955050,fiftymilemex
26.4554800,-96.9947494,fiftymilemex
26.4424806,-96.9944139,fiftymilemex
26.4362809,-96.9902446,fiftymilemex
26.4425806,-96.9876134,fiftymilemex
26.4378808,-96.9875367,fiftymilemex
26.4466804,-96.9855930,fiftymilemex
26.4477804,-96.9807876,fiftymilemex
26.4447805,-96.9747025,fiftymilemex
26.4349810,-96.9737511,fiftymilemex
26.4339810,-96.9722560,fiftymilemex
26.4306812,-96.9716724,fiftymilemex
26.4377809,-96.9658372,fiftymilemex
26.4229816,-96.9623106,fiftymilemex
26.4189818,-96.9619304,fiftymilemex
26.4304812,-96.9585734,fiftymilemex
26.4275814,-96.9584878,fiftymilemex
26.4173819,-96.9571383,fiftymilemex
26.4131821,-96.9557591,fiftymilemex
26.4095823,-96.9523769,fiftymilemex
26.3997827,-96.9520255,fiftymilemex
26.3968829,-96.9500398,fiftymilemex
26.3980828,-96.9395339,fiftymilemex
26.4010827,-96.9345190,fiftymilemex
26.4096823,-96.9269764,fiftymilemex
26.3904832,-96.9259715,fiftymilemex
26.4064824,-96.9250923,fiftymilemex
26.3906832,-96.9228705,fiftymilemex
26.3960829,-96.9166438,fiftymilemex
26.3897832,-96.9165749,fiftymilemex
26.3940830,-96.9150537,fiftymilemex
26.3893833,-96.9132769,fiftymilemex
26.3902832,-96.9034725,fiftymilemex
26.3873834,-96.9032868,fiftymilemex
26.3859834,-96.8993937,fiftymilemex
26.3994828,-96.8977269,fiftymilemex
26.3945830,-96.8971512,fiftymilemex
26.3932831,-96.8914576,fiftymilemex
26.3791838,-96.8855274,fiftymilemex
26.3946830,-96.8842507,fiftymilemex
26.3890833,-96.8836784,fiftymilemex
26.3648845,-96.8829980,fiftymilemex
26.3779838,-96.8823333,fiftymilemex
26.3692843,-96.8808763,fiftymilemex
26.3827836,-96.8773096,fiftymilemex
26.3698842,-96.8770733,fiftymilemex
26.3739840,-96.8765531,fiftymilemex
26.3617846,-96.8748133,fiftymilemex
26.3669844,-96.8739877,fiftymilemex
26.3783838,-96.8734313,fiftymilemex
26.3591848,-96.8729262,fiftymilemex
26.3583848,-96.8699301,fiftymilemex
26.3602847,-96.8645207,fiftymilemex
26.3510852,-96.8540662,fiftymilemex
26.3576848,-96.8429336,fiftymilemex
26.3665844,-96.8427896,fiftymilemex
26.3704842,-96.8412704,fiftymilemex
26.3520851,-96.8409612,fiftymilemex
26.3601847,-96.8395212,fiftymilemex
26.3728841,-96.8383585,fiftymilemex
26.3680843,-96.8380822,fiftymilemex
26.3557849,-96.8368430,fiftymilemex
26.3720841,-96.8366624,fiftymilemex
26.3509852,-96.8355667,fiftymilemex
26.3484853,-96.8351790,fiftymilemex
26.3558849,-96.8339425,fiftymilemex
26.3623846,-96.8314104,fiftymilemex
26.3569849,-96.8296370,fiftymilemex
26.3519851,-96.8294617,fiftymilemex
26.3626846,-96.8291089,fiftymilemex
26.3494852,-96.8279741,fiftymilemex
26.3608847,-96.8276178,fiftymilemex
26.3475853,-96.8225835,fiftymilemex
26.3502852,-96.8175701,fiftymilemex
26.3544850,-96.8158494,fiftymilemex
26.3499852,-96.8099716,fiftymilemex
26.3663844,-96.8049906,fiftymilemex
26.3644845,-96.8041000,fiftymilemex
26.4193818,-96.8031284,fiftymilemex
26.4166819,-96.8028418,fiftymilemex
26.3911832,-96.8025680,fiftymilemex
26.3889833,-96.8023789,fiftymilemex
26.3505852,-96.8015686,fiftymilemex
26.3605847,-96.7994193,fiftymilemex
26.3689843,-96.7974778,fiftymilemex
26.4260814,-96.7968952,fiftymilemex
26.4202817,-96.7967239,fiftymilemex
26.3951830,-96.7963482,fiftymilemex
26.4014827,-96.7952170,fiftymilemex
26.3640845,-96.7949020,fiftymilemex
26.4133821,-96.7944581,fiftymilemex
26.3883833,-96.7929819,fiftymilemex
26.3611847,-96.7926163,fiftymilemex
26.3795837,-96.7906254,fiftymilemex
26.4264814,-96.7897932,fiftymilemex
26.3829836,-96.7881086,fiftymilemex
26.3907832,-96.7879700,fiftymilemex
26.3964829,-96.7875418,fiftymilemex
26.3761839,-96.7874422,fiftymilemex
26.4005827,-96.7867215,fiftymilemex
26.3784838,-96.7852308,fiftymilemex
26.3987828,-96.7849304,fiftymilemex
26.4306812,-96.7824724,fiftymilemex
26.4363809,-96.7781441,fiftymilemex
26.4418807,-96.7764169,fiftymilemex
26.4393808,-96.7712293,fiftymilemex
26.4309812,-96.7664709,fiftymilemex
26.4402807,-96.7653248,fiftymilemex
26.4310812,-96.7625704,fiftymilemex
26.4367809,-96.7615421,fiftymilemex
26.4284813,-96.7594833,fiftymilemex
26.4280813,-96.7546853,fiftymilemex
26.4288813,-96.7531813,fiftymilemex
26.4352810,-96.7529496,fiftymilemex
26.4417807,-96.7467174,fiftymilemex
26.4415807,-96.7421183,fiftymilemex
26.4368809,-96.7380417,fiftymilemex
26.4387808,-96.7329322,fiftymilemex
26.4475804,-96.7316886,fiftymilemex
26.4475804,-96.7279886,fiftymilemex
26.4444805,-96.7263040,fiftymilemex
26.4438806,-96.7241069,fiftymilemex
26.4469804,-96.7199916,fiftymilemex
26.4645795,-96.7176042,fiftymilemex
26.4698793,-96.7123779,fiftymilemex
26.4595798,-96.7115290,fiftymilemex
26.4546800,-96.7090533,fiftymilemex
26.4584798,-96.7068345,fiftymilemex
26.4502802,-96.7054752,fiftymilemex
26.4457805,-96.7052975,fiftymilemex
26.4627796,-96.7048131,fiftymilemex
26.4615797,-96.6894191,fiftymilemex
26.4585798,-96.6759340,fiftymilemex
26.4662794,-96.6671957,fiftymilemex
26.4698793,-96.6549779,fiftymilemex
26.4678794,-96.6482878,fiftymilemex
26.3047875,-96.6453945,fiftymilemex
26.4744790,-96.6369550,fiftymilemex
26.4736791,-96.6346590,fiftymilemex
26.4685793,-96.6333843,fiftymilemex
26.3063874,-96.6338866,fiftymilemex
26.3077873,-96.6323797,fiftymilemex
26.3066874,-96.6298851,fiftymilemex
26.3098872,-96.6276693,fiftymilemex
26.4684793,-96.6254848,fiftymilemex
26.3058874,-96.6258891,fiftymilemex
26.3091872,-96.6248728,fiftymilemex
26.3058874,-96.6208891,fiftymilemex
26.3116871,-96.6194605,fiftymilemex
26.4642795,-96.6170057,fiftymilemex
26.4689793,-96.6151823,fiftymilemex
26.4654795,-96.6148997,fiftymilemex
26.3158869,-96.6148398,fiftymilemex
26.3060874,-96.6122881,fiftymilemex
26.3106872,-96.6111654,fiftymilemex
26.3160869,-96.6101388,fiftymilemex
26.3141870,-96.6091482,fiftymilemex
26.3070873,-96.6088831,fiftymilemex
26.3221866,-96.6080087,fiftymilemex
26.3115871,-96.6072610,fiftymilemex
26.3082873,-96.6066772,fiftymilemex
26.3064874,-96.6064861,fiftymilemex
26.3049875,-96.6061935,fiftymilemex
26.4763789,-96.6038456,fiftymilemex
26.3112871,-96.6039625,fiftymilemex
26.3049875,-96.6025935,fiftymilemex
26.3052874,-96.6015920,fiftymilemex
26.3134870,-96.6005516,fiftymilemex
26.3065874,-96.5978856,fiftymilemex
26.4711792,-96.5969714,fiftymilemex
26.3137870,-96.5972501,fiftymilemex
26.3242865,-96.5970984,fiftymilemex
26.3149870,-96.5959442,fiftymilemex
26.3287863,-96.5956762,fiftymilemex
26.3251864,-96.5952940,fiftymilemex
26.3137870,-96.5951501,fiftymilemex
26.3203867,-96.5914176,fiftymilemex
26.3118871,-96.5893595,fiftymilemex
26.4596798,-96.5879285,fiftymilemex
26.3244865,-96.5880974,fiftymilemex
26.4717792,-96.5863684,fiftymilemex
26.3214866,-96.5866122,fiftymilemex
26.3259864,-96.5857900,fiftymilemex
26.3316861,-96.5849619,fiftymilemex
26.4594798,-96.5842295,fiftymilemex
26.3832836,-96.5749071,fiftymilemex
