longitude,latitude
-101.5526000,29.8041000
-101.5478000,29.8097000
-101.5441000,29.8115000
-101.5403000,29.8078000
-101.5353000,29.7982000
-101.5390000,29.7864000
-101.5398000,29.7646000
-101.5395000,29.7606000
-101.5367000,29.7581000
-101.5306000,29.7585000
-101.5193000,29.7643000
-101.5022000,29.7642000
-101.4864000,29.7744000
-101.4795000,29.7835000
-101.4637000,29.7893000
-101.4572000,29.7888000
-101.4534000,29.7847000
-101.4555000,29.7707000
-101.4525000,29.7630000
-101.4510000,29.7533000
-101.4461000,29.7498000
-101.4369000,29.7511000
-101.4089000,29.7710000
-101.4013000,29.7707000
-101.3983000,29.7660000
-101.3991000,29.7620000
-101.4021000,29.7586000
-101.4149000,29.7526000
-101.4160000,29.7469000
-101.4105000,29.7416000
-101.4012000,29.7385000
-101.3972000,29.7352000
-101.3963000,29.7281000
-101.3990000,29.7183000
-101.3977000,29.7138000
-101.3730000,29.6997000
-101.3719000,29.6928000
-101.3735000,29.6775000
-101.3654000,29.6664000
-101.3632000,29.6542000
-101.3607000,29.6487000
-101.3583000,29.6479000
-101.3555000,29.6494000
-101.3477000,29.6620000
-101.3369000,29.6596000
-101.3218000,29.6604000
-101.3162000,29.6592000
-101.3057000,29.6542000
-101.3016000,29.6485000
-101.3004000,29.6419000
-101.3013000,29.6353000
-101.3104000,29.6170000
-101.3133000,29.6038000
-101.3109000,29.5873000
-101.3050000,29.5773000
-101.2969000,29.5722000
-101.2915000,29.5721000
-101.2789000,29.5877000
-101.2769000,29.6011000
-101.2798000,29.6154000
-101.2764000,29.6218000
-101.2685000,29.6297000
-101.2640000,29.6305000
-101.2539000,29.6270000
-101.2479000,29.6195000
-101.2523000,29.6032000
-101.2430000,29.5662000
-101.2543000,29.5513000
-101.2609000,29.5382000
-101.2611000,29.5267000
-101.2586000,29.5224000
-101.2541000,29.5208000
-101.2363000,29.5237000
-101.1856000,29.5180000
-101.1761000,29.5120000
-101.1623000,29.4906000
-101.1476000,29.4745000
-101.1420000,29.4727000
-101.1298000,29.4767000
-101.1156000,29.4683000
-101.1027000,29.4702000
-101.0886000,29.4695000
-101.0601000,29.4585000
-101.0570000,29.4408000
-101.0432000,29.4294000
-101.0377000,29.4145000
-101.0388000,29.4105000
-101.0371000,29.4065000
-101.0171000,29.3878000
-101.0135000,29.3808000
-101.0141000,29.3740000
-101.0108000,29.3692000
-101.0047000,29.3653000
-100.9938000,29.3628000
-100.9727000,29.3544000
-100.9720000,29.3518000
-100.9636000,29.3468000
-100.9498000,29.3477000
-100.9431000,29.3416000
-100.9410000,29.3335000
-100.9386000,29.3314000
-100.9361000,29.3314000
-100.9279000,29.3267000
-100.9198000,29.3259000
-100.9178000,29.3244000
-100.9167000,29.3190000
-100.9075000,29.3166000
-100.9064000,29.3132000
-100.8989000,29.3093000
-100.8934000,29.3106000
-100.8862000,29.3074000
-100.8813000,29.2983000
-100.8803000,29.2827000
-100.8759000,29.2795000
-100.8634000,29.2758000
-100.8548000,29.2755000
-100.8528000,29.2721000
-100.8486000,29.2718000
-100.8408000,29.2644000
-100.8351000,29.2616000
-100.8249000,29.2614000
-100.8180000,29.2642000
-100.8142000,29.2639000
-100.8129000,29.2612000
-100.8163000,29.2563000
-100.8164000,29.2537000
-100.8059000,29.2521000
-100.7960000,29.2452000
-100.7943000,29.2421000
-100.7970000,29.2339000
-100.7958000,29.2288000
-100.7925000,29.2256000
-100.7852000,29.2279000
-100.7815000,29.2195000
-100.7738000,29.2106000
-100.7766000,29.2045000
-100.7762000,29.2001000
-100.7693000,29.1991000
-100.7670000,29.1957000
-100.7662000,29.1849000
-100.7761000,29.1727000
-100.7728000,29.1684000
-100.7641000,29.1654000
-100.7635000,29.1601000
-100.7596000,29.1570000
-100.7468000,29.1545000
-100.7393000,29.1502000
-100.7370000,29.1477000
-100.7387000,29.1400000
-100.7245000,29.1273000
-100.7088000,29.1189000
-100.6989000,29.1169000
-100.6846000,29.1112000
-100.6749000,29.1007000
-100.6678000,29.0859000
-100.6644000,29.0747000
-100.6637000,29.0505000
-100.6602000,29.0319000
-100.6563000,29.0181000
-100.6510000,29.0083000
-100.6486000,28.9996000
-100.6492000,28.9958000
-100.6457000,28.9878000
-100.6485000,28.9829000
-100.6464000,28.9673000
-100.6506000,28.9622000
-100.6477000,28.9602000
-100.6470000,28.9564000
-100.6507000,28.9485000
-100.6515000,28.9429000
-100.6454000,28.9399000
-100.6380000,28.9270000
-100.6310000,28.9245000
-100.6297000,28.9226000
-100.6297000,28.9190000
-100.6315000,28.9168000
-100.6393000,28.9166000
-100.6409000,28.9146000
-100.6364000,28.9113000
-100.6326000,28.9037000
-100.6268000,28.9039000
-100.6247000,28.9060000
-100.6246000,28.9095000
-100.6225000,28.9102000
-100.6167000,28.9075000
-100.6158000,28.9029000
-100.6134000,28.9012000
-100.6108000,28.9007000
-100.6069000,28.9028000
-100.6010000,28.9016000
-100.6034000,28.8877000
-100.6007000,28.8863000
-100.5912000,28.8890000
-100.5895000,28.8868000
-100.5906000,28.8836000
-100.5989000,28.8796000
-100.5988000,28.8748000
-100.5969000,28.8731000
-100.5904000,28.8729000
-100.5915000,28.8646000
-100.5899000,28.8616000
-100.5793000,28.8552000
-100.5730000,28.8488000
-100.5770000,28.8358000
-100.5745000,28.8281000
-100.5703000,28.8258000
-100.5618000,28.8292000
-100.5476000,28.8262000
-100.5455000,28.8185000
-100.5461000,28.8128000
-100.5418000,28.8080000
-100.5351000,28.8047000
-100.5330000,28.7885000
-100.5381000,28.7813000
-100.5351000,28.7755000
-100.5305000,28.7721000
-100.5297000,28.7687000
-100.5329000,28.7640000
-100.5334000,28.7588000
-100.5283000,28.7558000
-100.5211000,28.7576000
-100.5145000,28.7513000
-100.5144000,28.7422000
-100.5074000,28.7402000
-100.5080000,28.7225000
-100.5067000,28.7169000
-100.5120000,28.7065000
-100.5082000,28.6841000
-100.5002000,28.6617000
-100.4973000,28.6587000
-100.4796000,28.6556000
-100.4744000,28.6471000
-100.4615000,28.6408000
-100.4559000,28.6424000
-100.4472000,28.6421000
-100.4457000,28.6376000
-100.4486000,28.6170000
-100.4472000,28.6092000
-100.4336000,28.6063000
-100.4321000,28.5984000
-100.4299000,28.5962000
-100.3985000,28.5851000
-100.3968000,28.5810000
-100.3974000,28.5750000
-100.4092000,28.5564000
-100.4110000,28.5498000
-100.4047000,28.5355000
-100.3940000,28.5274000
-100.3883000,28.5147000
-100.3679000,28.5096000
-100.3537000,28.5041000
-100.3401000,28.5023000
-100.3339000,28.4993000
-100.3359000,28.4933000
-100.3444000,28.4862000
-100.3554000,28.4820000
-100.3648000,28.4815000
-100.3679000,28.4795000
-100.3684000,28.4767000
-100.3604000,28.4665000
-100.3407000,28.4488000
-100.3377000,28.4425000
-100.3365000,28.4285000
-100.3417000,28.4148000
-100.3495000,28.4034000
-100.3427000,28.3864000
-100.3184000,28.3592000
-100.3145000,28.3461000
-100.2912000,28.3200000
-100.2866000,28.3122000
-100.2882000,28.2996000
-100.2942000,28.2836000
-100.2936000,28.2788000
-100.2908000,28.2750000
-100.2823000,28.2700000
-100.2737000,28.2577000
-100.2555000,28.2384000
-100.2462000,28.2343000
-100.2271000,28.2358000
-100.2211000,28.2332000
-100.2173000,28.2263000
-100.2129000,28.1991000
-100.2095000,28.1913000
-100.1956000,28.1896000
-100.1843000,28.1850000
-100.1736000,28.1786000
-100.1679000,28.1710000
-100.1589000,28.1676000
-100.1413000,28.1681000
-100.1201000,28.1558000
-100.0862000,28.1462000
-100.0834000,28.1433000
-100.0779000,28.1291000
-100.0678000,28.1143000
-100.0561000,28.1039000
-100.0567000,28.0939000
-100.0530000,28.0851000
-100.0464000,28.0791000
-100.0285000,28.0732000
-100.0182000,28.0657000
-100.0122000,28.0354000
-100.0073000,28.0202000
-99.9905000,27.9936000
-99.9602000,27.9831000
-99.9389000,27.9823000
-99.9315000,27.9803000
-99.9326000,27.9662000
-99.9388000,27.9522000
-99.9373000,27.9409000
-99.9349000,27.9376000
-99.9277000,27.9333000
-99.9258000,27.9271000
-99.9188000,27.9189000
-99.9005000,27.9124000
-99.8937000,27.8998000
-99.8947000,27.8917000
-99.9028000,27.8819000
-99.9041000,27.8737000
-99.9011000,27.8640000
-99.8928000,27.8556000
-99.8824000,27.8498000
-99.8768000,27.8408000
-99.8759000,27.8358000
-99.8780000,27.8256000
-99.8740000,27.8126000
-99.8778000,27.8004000
-99.8755000,27.7968000
-99.8708000,27.7940000
-99.8508000,27.7939000
-99.8444000,27.7784000
-99.8423000,27.7676000
-99.8362000,27.7632000
-99.8308000,27.7631000
-99.8239000,27.7653000
-99.8178000,27.7762000
-99.8128000,27.7737000
-99.8080000,27.7653000
-99.7999000,27.7396000
-99.7931000,27.7329000
-99.7883000,27.7307000
-99.7842000,27.7304000
-99.7747000,27.7334000
-99.7691000,27.7306000
-99.7606000,27.7212000
-99.7567000,27.7114000
-99.7339000,27.6876000
-99.7240000,27.6730000
-99.7226000,27.6674000
-99.7105000,27.6574000
-99.7046000,27.6550000
-99.6993000,27.6554000
-99.6960000,27.6638000
-99.6901000,27.6688000
-99.6892000,27.6639000
-99.6865000,27.6615000
-99.6787000,27.6586000
-99.6704000,27.6600000
-99.6659000,27.6586000
-99.6618000,27.6552000
-99.6583000,27.6488000
-99.6606000,27.6437000
-99.6656000,27.6400000
-99.6663000,27.6364000
-99.6555000,27.6293000
-99.6487000,27.6304000
-99.6387000,27.6267000
-99.6278000,27.6294000
-99.6228000,27.6335000
-99.6268000,27.6399000
-99.6241000,27.6436000
-99.6205000,27.6429000
-99.6159000,27.6374000
-99.6034000,27.6419000
-99.5959000,27.6398000
-99.5926000,27.6355000
-99.5915000,27.6277000
-99.5831000,27.6209000
-99.5771000,27.6183000
-99.5768000,27.6110000
-99.5790000,27.6080000
-99.5843000,27.6060000
-99.5842000,27.6035000
-99.5780000,27.6021000
-99.5605000,27.6073000
-99.5580000,27.6093000
-99.5566000,27.6136000
-99.5544000,27.6141000
-99.5403000,27.6044000
-99.5350000,27.5900000
-99.5290000,27.5792000
-99.5134000,27.5693000
-99.5115000,27.5641000
-99.5143000,27.5566000
-99.5190000,27.5525000
-99.5220000,27.5443000
-99.5225000,27.5330000
-99.5255000,27.5221000
-99.5250000,27.5122000
-99.5282000,27.4982000
-99.5231000,27.4965000
-99.5013000,27.5001000
-99.4934000,27.4976000
-99.4813000,27.4891000
-99.4788000,27.4795000
-99.4824000,27.4754000
-99.4832000,27.4673000
-99.4926000,27.4548000
-99.4953000,27.4466000
-99.4955000,27.4380000
-99.4876000,27.4110000
-99.4895000,27.3991000
-99.4928000,27.3920000
-99.4923000,27.3806000
-99.5030000,27.3665000
-99.5079000,27.3535000
-99.5045000,27.3388000
-99.5216000,27.3247000
-99.5368000,27.3226000
-99.5381000,27.3165000
-99.5365000,27.3121000
-99.5279000,27.3048000
-99.5120000,27.3041000
-99.5034000,27.3062000
-99.4946000,27.3038000
-99.4876000,27.2942000
-99.4878000,27.2886000
-99.4966000,27.2729000
-99.4944000,27.2665000
-99.4909000,27.2627000
-99.4826000,27.2594000
-99.4620000,27.2684000
-99.4503000,27.2611000
-99.4418000,27.2508000
-99.4415000,27.2365000
-99.4454000,27.2232000
-99.4425000,27.2180000
-99.4327000,27.2096000
-99.4330000,27.2018000
-99.4262000,27.1761000
-99.4301000,27.1592000
-99.4400000,27.1511000
-99.4388000,27.1453000
-99.4319000,27.1382000
-99.4310000,27.1252000
-99.4322000,27.1210000
-99.4425000,27.1068000
-99.4287000,27.0926000
-99.4356000,27.0790000
-99.4482000,27.0702000
-99.4527000,27.0641000
-99.4510000,27.0550000
-99.4447000,27.0412000
-99.4437000,27.0333000
-99.4457000,27.0219000
-99.4445000,27.0193000
-99.4331000,27.0108000
-99.4259000,27.0102000
-99.4136000,27.0119000
-99.4088000,27.0099000
-99.4030000,26.9998000
-99.3921000,26.9873000
-99.3871000,26.9820000
-99.3813000,26.9793000
-99.3816000,26.9724000
-99.3917000,26.9662000
-99.3949000,26.9622000
-99.3914000,26.9481000
-99.3849000,26.9388000
-99.3773000,26.9330000
-99.3684000,26.9298000
-99.3521000,26.9279000
-99.3445000,26.9239000
-99.3285000,26.9195000
-99.3227000,26.9110000
-99.3234000,26.8996000
-99.3288000,26.8796000
-99.3171000,26.8655000
-99.3099000,26.8642000
-99.2946000,26.8650000
-99.2803000,26.8578000
-99.2699000,26.8450000
-99.2620000,26.8149000
-99.2424000,26.7864000
-99.2408000,26.7475000
-99.2396000,26.7453000
-99.2090000,26.7247000
-99.2100000,26.6927000
-99.2019000,26.6588000
-99.1788000,26.6219000
-99.1705000,26.5606000
-99.1682000,26.5570000
-99.1716000,26.5482000
-99.1711000,26.5419000
-99.1669000,26.5360000
-99.1535000,26.5307000
-99.1284000,26.5255000
-99.1183000,26.5164000
-99.1045000,26.4995000
-99.0916000,26.4756000
-99.0936000,26.4685000
-99.1008000,26.4581000
-99.1001000,26.4533000
-99.1025000,26.4481000
-99.1029000,26.4418000
-99.1071000,26.4377000
-99.1134000,26.4352000
-99.1137000,26.4329000
-99.1103000,26.4257000
-99.0998000,26.4176000
-99.0960000,26.4118000
-99.0892000,26.4080000
-99.0850000,26.3980000
-99.0815000,26.3966000
-99.0623000,26.3973000
-99.0533000,26.4023000
-99.0439000,26.4108000
-99.0363000,26.4135000
-99.0311000,26.4124000
-99.0219000,26.4071000
-99.0128000,26.3931000
-99.0108000,26.3923000
-99.0035000,26.3935000
-98.9880000,26.3914000
-98.9783000,26.4001000
-98.9737000,26.4011000
-98.9691000,26.3988000
-98.9633000,26.3988000
-98.9545000,26.3945000
-98.9534000,26.3846000
-98.9561000,26.3771000
-98.9496000,26.3716000
-98.9431000,26.3693000
-98.9367000,26.3704000
-98.9351000,26.3722000
-98.9341000,26.3779000
-98.9353000,26.3856000
-98.9267000,26.3946000
-98.9236000,26.3921000
-98.9232000,26.3800000
-98.9183000,26.3750000
-98.9127000,26.3720000
-98.9012000,26.3708000
-98.8993000,26.3653000
-98.9011000,26.3602000
-98.8970000,26.3531000
-98.8890000,26.3572000
-98.8708000,26.3619000
-98.8608000,26.3662000
-98.8508000,26.3640000
-98.8484000,26.3594000
-98.8430000,26.3583000
-98.8312000,26.3640000
-98.8248000,26.3707000
-98.8191000,26.3708000
-98.8144000,26.3659000
-98.8046000,26.3676000
-98.7986000,26.3609000
-98.7958000,26.3476000
-98.7880000,26.3377000
-98.7892000,26.3306000
-98.7784000,26.3259000
-98.7693000,26.3248000
-98.7640000,26.3259000
-98.7551000,26.3312000
-98.7507000,26.3312000
-98.7471000,26.3185000
-98.7447000,26.3151000
-98.7380000,26.3134000
-98.7361000,26.3083000
-98.7381000,26.3040000
-98.7421000,26.3027000
-98.7508000,26.3078000
-98.7547000,26.3079000
-98.7564000,26.3036000
-98.7509000,26.2960000
-98.7431000,26.2936000
-98.7344000,26.2983000
-98.7292000,26.2991000
-98.7224000,26.2958000
-98.7170000,26.2859000
-98.7078000,26.2892000
-98.7023000,26.2869000
-98.6997000,26.2807000
-98.7016000,26.2775000
-98.7105000,26.2791000
-98.7170000,26.2782000
-98.7199000,26.2760000
-98.7198000,26.2721000
-98.7017000,26.2660000
-98.6863000,26.2650000
-98.6813000,26.2630000
-98.6778000,26.2565000
-98.6791000,26.2450000
-98.6759000,26.2404000
-98.6696000,26.2363000
-98.6563000,26.2356000
-98.6449000,26.2410000
-98.6337000,26.2425000
-98.6323000,26.2519000
-98.6231000,26.2597000
-98.6200000,26.2554000
-98.6170000,26.2464000
-98.6139000,26.2479000
-98.6120000,26.2531000
-98.6078000,26.2532000
-98.5979000,26.2578000
-98.5828000,26.2564000
-98.5792000,26.2512000
-98.5851000,26.2444000
-98.5796000,26.2345000
-98.5767000,26.2338000
-98.5736000,26.2389000
-98.5696000,26.2415000
-98.5663000,26.2416000
-98.5641000,26.2359000
-98.5646000,26.2263000
-98.5621000,26.2242000
-98.5594000,26.2250000
-98.5554000,26.2322000
-98.5473000,26.2344000
-98.5455000,26.2378000
-98.5470000,26.2417000
-98.5528000,26.2417000
-98.5582000,26.2444000
-98.5574000,26.2476000
-98.5442000,26.2442000
-98.5356000,26.2254000
-98.5298000,26.2271000
-98.5254000,26.2344000
-98.5220000,26.2355000
-98.5214000,26.2324000
-98.5267000,26.2279000
-98.5254000,26.2215000
-98.5214000,26.2204000
-98.5198000,26.2239000
-98.5126000,26.2271000
-98.5053000,26.2231000
-98.5006000,26.2223000
-98.5076000,26.2124000
-98.5073000,26.2093000
-98.5039000,26.2084000
-98.4904000,26.2130000
-98.4862000,26.2128000
-98.4819000,26.2087000
-98.4818000,26.2049000
-98.4836000,26.2021000
-98.4814000,26.2006000
-98.4784000,26.2016000
-98.4775000,26.2038000
-98.4787000,26.2093000
-98.4830000,26.2151000
-98.4817000,26.2194000
-98.4705000,26.2208000
-98.4606000,26.2261000
-98.4578000,26.2248000
-98.4563000,26.2177000
-98.4545000,26.2167000
-98.4498000,26.2229000
-98.4448000,26.2243000
-98.4418000,26.2217000
-98.4391000,26.2145000
-98.4396000,26.2101000
-98.4444000,26.2050000
-98.4448000,26.2011000
-98.4418000,26.1982000
-98.4255000,26.1914000
-98.4168000,26.1836000
-98.4033000,26.1817000
-98.4017000,26.1782000
-98.4026000,26.1716000
-98.3931000,26.1672000
-98.3870000,26.1577000
-98.3829000,26.1566000
-98.3664000,26.1577000
-98.3642000,26.1621000
-98.3672000,26.1685000
-98.3598000,26.1725000
-98.3576000,26.1681000
-98.3589000,26.1594000
-98.3521000,26.1511000
-98.3487000,26.1536000
-98.3486000,26.1607000
-98.3462000,26.1657000
-98.3428000,26.1670000
-98.3356000,26.1657000
-98.3334000,26.1591000
-98.3388000,26.1527000
-98.3384000,26.1500000
-98.3352000,26.1460000
-98.3267000,26.1432000
-98.3346000,26.1412000
-98.3356000,26.1383000
-98.3216000,26.1183000
-98.3101000,26.1143000
-98.3056000,26.1028000
-98.2995000,26.1020000
-98.2977000,26.1034000
-98.2976000,26.1054000
-98.3020000,26.1067000
-98.3036000,26.1100000
-98.2999000,26.1178000
-98.2969000,26.1203000
-98.2912000,26.1208000
-98.2750000,26.1158000
-98.2716000,26.1171000
-98.2692000,26.1204000
-98.2661000,26.1207000
-98.2658000,26.1171000
-98.2720000,26.1134000
-98.2705000,26.1066000
-98.2824000,26.1079000
-98.2882000,26.1064000
-98.2882000,26.1043000
-98.2847000,26.1011000
-98.2772000,26.0989000
-98.2680000,26.0928000
-98.2643000,26.0849000
-98.2516000,26.0787000
-98.2495000,26.0722000
-98.2293000,26.0772000
-98.2192000,26.0759000
-98.2132000,26.0692000
-98.2048000,26.0664000
-98.1995000,26.0563000
-98.1948000,26.0531000
-98.1924000,26.0533000
-98.1873000,26.0643000
-98.1834000,26.0637000
-98.1794000,26.0600000
-98.1769000,26.0607000
-98.1768000,26.0631000
-98.1806000,26.0662000
-98.1797000,26.0735000
-98.1768000,26.0753000
-98.1723000,26.0716000
-98.1681000,26.0629000
-98.1613000,26.0645000
-98.1583000,26.0637000
-98.1580000,26.0606000
-98.1623000,26.0568000
-98.1620000,26.0541000
-98.1587000,26.0536000
-98.1517000,26.0583000
-98.1493000,26.0553000
-98.1494000,26.0512000
-98.1470000,26.0491000
-98.1434000,26.0506000
-98.1396000,26.0566000
-98.1368000,26.0630000
-98.1366000,26.0705000
-98.1319000,26.0743000
-98.1283000,26.0730000
-98.1313000,26.0646000
-98.1274000,26.0620000
-98.1047000,26.0676000
-98.0983000,26.0605000
-98.0936000,26.0586000
-98.0816000,26.0639000
-98.0811000,26.0662000
-98.0857000,26.0695000
-98.0811000,26.0713000
-98.0763000,26.0675000
-98.0753000,26.0597000
-98.0702000,26.0521000
-98.0718000,26.0447000
-98.0802000,26.0418000
-98.0776000,26.0366000
-98.0729000,26.0364000
-98.0622000,26.0463000
-98.0459000,26.0443000
-98.0387000,26.0414000
-98.0344000,26.0509000
-98.0332000,26.0616000
-98.0279000,26.0670000
-98.0249000,26.0655000
-98.0211000,26.0586000
-98.0159000,26.0616000
-98.0140000,26.0662000
-98.0120000,26.0661000
-98.0107000,26.0628000
-98.0129000,26.0581000
-98.0119000,26.0561000
-98.0078000,26.0621000
-98.0026000,26.0649000
-97.9973000,26.0647000
-97.9919000,26.0582000
-97.9888000,26.0606000
-97.9875000,26.0661000
-97.9802000,26.0672000
-97.9786000,26.0589000
-97.9736000,26.0576000
-97.9700000,26.0533000
-97.9659000,26.0517000
-97.9623000,26.0530000
-97.9552000,26.0614000
-97.9511000,26.0622000
-97.9448000,26.0602000
-97.9370000,26.0530000
-97.9336000,26.0530000
-97.9313000,26.0553000
-97.9314000,26.0582000
-97.9370000,26.0619000
-97.9336000,26.0656000
-97.9306000,26.0645000
-97.9271000,26.0548000
-97.9196000,26.0580000
-97.9105000,26.0565000
-97.9010000,26.0611000
-97.8910000,26.0603000
-97.8884000,26.0620000
-97.8871000,26.0666000
-97.8768000,26.0646000
-97.8690000,26.0568000
-97.8641000,26.0682000
-97.8614000,26.0700000
-97.8594000,26.0664000
-97.8624000,26.0610000
-97.8610000,26.0530000
-97.8505000,26.0519000
-97.8392000,26.0531000
-97.8361000,26.0509000
-97.8343000,26.0456000
-97.8287000,26.0503000
-97.8258000,26.0558000
-97.8193000,26.0566000
-97.8149000,26.0540000
-97.8165000,26.0454000
-97.8124000,26.0441000
-97.8110000,26.0454000
-97.8123000,26.0486000
-97.8113000,26.0553000
-97.8080000,26.0581000
-97.8011000,26.0602000
-97.7989000,26.0528000
-97.7928000,26.0532000
-97.7888000,26.0494000
-97.7892000,26.0478000
-97.7956000,26.0471000
-97.7979000,26.0431000
-97.7973000,26.0393000
-97.7917000,26.0338000
-97.7818000,26.0338000
-97.7779000,26.0292000
-97.7750000,26.0330000
-97.7692000,26.0365000
-97.7760000,26.0406000
-97.7766000,26.0447000
-97.7680000,26.0473000
-97.7627000,26.0416000
-97.7642000,26.0284000
-97.7615000,26.0256000
-97.7522000,26.0315000
-97.7488000,26.0303000
-97.7493000,26.0270000
-97.7480000,26.0261000
-97.7428000,26.0297000
-97.7353000,26.0284000
-97.7347000,26.0320000
-97.7214000,26.0313000
-97.7182000,26.0289000
-97.7216000,26.0241000
-97.7205000,26.0230000
-97.7095000,26.0262000
-97.7092000,26.0346000
-97.7071000,26.0377000
-97.7042000,26.0354000
-97.7022000,26.0308000
-97.6970000,26.0307000
-97.6976000,26.0239000
-97.6916000,26.0188000
-97.6898000,26.0221000
-97.6937000,26.0274000
-97.6933000,26.0324000
-97.6876000,26.0273000
-97.6757000,26.0258000
-97.6732000,26.0279000
-97.6761000,26.0305000
-97.6748000,26.0328000
-97.6709000,26.0340000
-97.6690000,26.0294000
-97.6672000,26.0289000
-97.6645000,26.0314000
-97.6638000,26.0376000
-97.6626000,26.0381000
-97.6605000,26.0322000
-97.6674000,26.0245000
-97.6681000,26.0194000
-97.6577000,26.0200000
-97.6516000,26.0159000
-97.6500000,26.0180000
-97.6504000,26.0237000
-97.6464000,26.0274000
-97.6448000,26.0278000
-97.6399000,26.0240000
-97.6371000,26.0197000
-97.6376000,26.0140000
-97.6407000,26.0119000
-97.6490000,26.0126000
-97.6493000,26.0104000
-97.6357000,26.0001000
-97.6324000,26.0009000
-97.6304000,26.0052000
-97.6271000,26.0061000
-97.6263000,26.0031000
-97.6284000,25.9976000
-97.6273000,25.9965000
-97.6232000,25.9972000
-97.6200000,26.0025000
-97.6184000,26.0023000
-97.6184000,25.9951000
-97.6202000,25.9925000
-97.6235000,25.9919000
-97.6258000,25.9952000
-97.6318000,25.9965000
-97.6342000,25.9931000
-97.6343000,25.9895000
-97.6304000,25.9879000
-97.6219000,25.9892000
-97.6199000,25.9877000
-97.6201000,25.9844000
-97.6167000,25.9791000
-97.6079000,25.9768000
-97.6078000,25.9718000
-97.6106000,25.9660000
-97.6021000,25.9574000
-97.5982000,25.9569000
-97.5938000,25.9616000
-97.5821000,25.9624000
-97.5831000,25.9550000
-97.5781000,25.9421000
-97.5751000,25.9430000
-97.5729000,25.9460000
-97.5744000,25.9540000
-97.5679000,25.9525000
-97.5663000,25.9449000
-97.5822000,25.9386000
-97.5840000,25.9357000
-97.5833000,25.9332000
-97.5796000,25.9328000
-97.5744000,25.9351000
-97.5670000,25.9337000
-97.5659000,25.9319000
-97.5680000,25.9278000
-97.5617000,25.9257000
-97.5590000,25.9273000
-97.5591000,25.9320000
-97.5571000,25.9361000
-97.5523000,25.9372000
-97.5462000,25.9342000
-97.5452000,25.9244000
-97.5437000,25.9234000
-97.5373000,25.9308000
-97.5373000,25.9272000
-97.5431000,25.9201000
-97.5300000,25.9199000
-97.5299000,25.9170000
-97.5337000,25.9124000
-97.5333000,25.9084000
-97.5285000,25.9068000
-97.5271000,25.9026000
-97.5237000,25.8990000
-97.5233000,25.8892000
-97.5213000,25.8863000
-97.5108000,25.8875000
-97.5058000,25.8905000
-97.4983000,25.8991000
-97.4964000,25.8959000
-97.4972000,25.8799000
-97.4941000,25.8801000
-97.4879000,25.8855000
-97.4863000,25.8835000
-97.4878000,25.8792000
-97.4845000,25.8788000
-97.4690000,25.8889000
-97.4684000,25.8840000
-97.4747000,25.8797000
-97.4745000,25.8768000
-97.4706000,25.8754000
-97.4627000,25.8827000
-97.4555000,25.8841000
-97.4549000,25.8785000
-97.4567000,25.8686000
-97.4535000,25.8674000
-97.4485000,25.8722000
-97.4446000,25.8678000
-97.4477000,25.8634000
-97.4482000,25.8593000
-97.4520000,25.8587000
-97.4541000,25.8543000
-97.4451000,25.8564000
-97.4440000,25.8549000
-97.4459000,25.8512000
-97.4440000,25.8486000
-97.4410000,25.8478000
-97.4356000,25.8497000
-97.4251000,25.8405000
-97.4120000,25.8415000
-97.4140000,25.8471000
-97.4139000,25.8560000
-97.4124000,25.8599000
-97.4095000,25.8623000
-97.4078000,25.8615000
-97.4092000,25.8575000
-97.4079000,25.8546000
-97.4106000,25.8496000
-97.4079000,25.8452000
-97.4050000,25.8453000
-97.4025000,25.8518000
-97.4002000,25.8521000
-97.3987000,25.8503000
-97.4007000,25.8464000
-97.4005000,25.8414000
-97.4066000,25.8404000
-97.4062000,25.8379000
-97.3990000,25.8389000
-97.3936000,25.8370000
-97.3886000,25.8397000
-97.3869000,25.8439000
-97.3810000,25.8394000
-97.3726000,25.8400000
-97.3705000,25.8500000
-97.3637000,25.8506000
-97.3660000,25.8535000
-97.3752000,25.8539000
-97.3761000,25.8558000
-97.3686000,25.8584000
-97.3618000,25.8690000
-97.3592000,25.8692000
-97.3586000,25.8656000
-97.3564000,25.8679000
-97.3593000,25.8724000
-97.3592000,25.8802000
-97.3642000,25.8778000
-97.3736000,25.8784000
-97.3738000,25.8806000
-97.3676000,25.8846000
-97.3588000,25.8859000
-97.3562000,25.8882000
-97.3580000,25.8900000
-97.3665000,25.8909000
-97.3658000,25.9028000
-97.3742000,25.9061000
-97.3745000,25.9088000
-97.3681000,25.9097000
-97.3683000,25.9155000
-97.3612000,25.9159000
-97.3539000,25.9201000
-97.3496000,25.9258000
-97.3479000,25.9313000
-97.3427000,25.9288000
-97.3368000,25.9297000
-97.3379000,25.9204000
-97.3340000,25.9205000
-97.3330000,25.9262000
-97.3309000,25.9179000
-97.3261000,25.9175000
-97.3246000,25.9183000
-97.3244000,25.9247000
-97.3182000,25.9312000
-97.3136000,25.9310000
-97.3095000,25.9263000
-97.3044000,25.9282000
-97.3032000,25.9370000
-97.2995000,25.9370000
-97.2978000,25.9339000
-97.2956000,25.9333000
-97.2915000,25.9364000
-97.2768000,25.9352000
-97.2770000,25.9397000
-97.2806000,25.9441000
-97.2784000,25.9479000
-97.2831000,25.9490000
-97.2892000,25.9540000
-97.2840000,25.9593000
-97.2764000,25.9522000
-97.2610000,25.9510000
-97.2475000,25.9480000
-97.2388000,25.9557000
-97.2266000,25.9593000
-97.2199000,25.9573000
-97.2086000,25.9639000
-97.2063000,25.9631000
-97.2050000,25.9580000
-97.1971000,25.9579000
-97.1886000,25.9537000
-97.1865000,25.9549000
-97.1868000,25.9584000
-97.1775000,25.9618000
-97.1755000,25.9658000
-97.1686000,25.9606000
-97.1580000,25.9612000
-97.1602000,25.9514000
-97.1595000,25.9491000
-97.1590000,25.7954000
-97.1602000,25.8013000
-97.1575000,25.8109000
-97.1590000,25.8139000
-97.1567000,25.8154000
-97.1666000,25.8182000
-97.1662000,25.8146000
-97.1680000,25.8137000
-97.1789000,25.8116000
-97.1810000,25.8055000
-97.1800000,25.8036000
-97.1714000,25.8029000
-97.1748000,25.8007000
-97.1781000,25.8010000
-97.1831000,25.7955000
-97.1820000,25.8001000
-97.1857000,25.8053000
-97.1903000,25.8011000
-97.1917000,25.7953000
-97.1967000,25.7953000
-97.1957000,25.7986000
-97.1985000,25.7993000
-97.2007000,25.7961000
-97.2032000,25.7972000
-97.2047000,25.7958000
-97.2162000,25.7942000
-97.1668000,25.8044000
-97.1623000,25.8098000
-97.1660000,25.8032000
-97.1668000,25.7977000
-97.1687000,25.7960000
-97.1681000,25.8032000
-97.1668000,25.8044000
-97.1773000,25.7959000
-97.1797000,25.7965000
-97.1775000,25.7977000
-97.1724000,25.7947000
-97.1734000,25.7944000
-97.1770000,25.7944000
-97.1773000,25.7959000
-114.5945000,31.7406000
-114.5988000,31.7333000
-114.6059000,31.7288000
-114.6225000,31.7302000
-114.6674000,31.7479000
-114.6728000,31.7507000
-114.6778000,31.7560000
-114.6323000,31.7572000
-114.6089000,31.7546000
-114.5985000,31.7511000
-114.5925000,31.7459000
-114.5945000,31.7406000
-116.6208000,31.8536000
-116.6211000,31.8540000
-116.6206000,31.8542000
-116.6204000,31.8538000
-116.6208000,31.8536000
-116.7244860,31.7269233
-116.7245000,31.7269000
-116.7260000,31.7275000
-116.7244860,31.7269233
-114.7448000,31.7960000
-114.7476000,31.8003000
-114.7461000,31.7953000
-114.7476000,31.7950000
-114.7443000,31.7900000
-114.7462000,31.7897000
-114.7441000,31.7894000
-114.7381000,31.7752000
-114.7390000,31.7745000
-114.7378000,31.7749000
-114.7305000,31.7649000
-114.7174000,31.7517000
-114.7082000,31.7453000
-114.7088000,31.7395000
-114.7073000,31.7447000
-114.6669000,31.7169000
-114.6535000,31.6949000
-114.6498000,31.6821000
-114.6506000,31.6799000
-114.6544000,31.6780000
-114.6593000,31.6784000
-114.6596000,31.6766000
-114.6623000,31.6756000
-114.6682000,31.6763000
-114.6701000,31.6779000
-114.6695000,31.6829000
-114.6757000,31.6824000
-114.6808000,31.6856000
-114.6880000,31.6869000
-114.6960000,31.6994000
-114.7116000,31.7103000
-114.7118000,31.7089000
-114.7130000,31.7101000
-114.7093000,31.7059000
-114.6970000,31.6985000
-114.6941000,31.6950000
-114.6897000,31.6817000
-114.6930000,31.6791000
-114.7002000,31.6803000
-114.7017000,31.6861000
-114.7043000,31.6870000
-114.7109000,31.6816000
-114.7151000,31.6842000
-114.7125000,31.6812000
-114.7175000,31.6812000
-114.7253000,31.6864000
-114.7221000,31.6946000
-114.7255000,31.6932000
-114.7263000,31.6948000
-114.7299000,31.6953000
-114.7308000,31.6974000
-114.7344000,31.6954000
-114.7407000,31.6951000
-114.7639000,31.7057000
-114.7822000,31.7213000
-114.7815000,31.7234000
-114.7846000,31.7231000
-114.7911000,31.7300000
-114.7966000,31.7426000
-114.8002000,31.7631000
-114.7993000,31.7827000
-114.8017000,31.8010000
-114.7999000,31.8126000
-114.7918000,31.8175000
-114.7862000,31.8187000
-114.7660000,31.8159000
-114.7498000,31.8053000
-114.7435000,31.7971000
-114.7448000,31.7960000
