longitude,latitude
-106.5285000,31.7838000
-106.5279000,31.7805000
-106.5234000,31.7755000
-106.5137000,31.7704000
-106.5102000,31.7607000
-106.5067000,31.7609000
-106.4876000,31.7477000
-106.4732000,31.7504000
-106.4663000,31.7599000
-106.4557000,31.7639000
-106.4507000,31.7642000
-106.4336000,31.7544000
-106.4170000,31.7514000
-106.3816000,31.7324000
-106.3779000,31.7274000
-106.3721000,31.7122000
-106.3494000,31.6959000
-106.3350000,31.6643000
-106.3032000,31.6218000
-106.3028000,31.6108000
-106.2895000,31.5885000
-106.2811000,31.5626000
-106.2471000,31.5425000
-106.2373000,31.5134000
-106.2252000,31.5016000
-106.2196000,31.4815000
-106.2081000,31.4676000
-106.2014000,31.4629000
-106.1761000,31.4559000
-106.1688000,31.4504000
-106.1586000,31.4385000
-106.1331000,31.4255000
-106.1083000,31.4226000
-106.0802000,31.3985000
-106.0048000,31.3927000
-105.9705000,31.3659000
-105.9541000,31.3645000
-105.9459000,31.3529000
-105.9480000,31.3400000
-105.9382000,31.3183000
-105.9325000,31.3127000
-105.9080000,31.3124000
-105.8942000,31.2905000
-105.8749000,31.2912000
-105.8694000,31.2886000
-105.8542000,31.2726000
-105.8508000,31.2652000
-105.8393000,31.2509000
-105.8201000,31.2318000
-105.7970000,31.2048000
-105.7823000,31.1963000
-105.7798000,31.1910000
-105.7804000,31.1830000
-105.7726000,31.1662000
-105.7634000,31.1639000
-105.7431000,31.1646000
-105.7204000,31.1498000
-105.7183000,31.1473000
-105.7171000,31.1412000
-105.7110000,31.1370000
-105.6485000,31.1155000
-105.6423000,31.0985000
-105.6270000,31.0982000
-105.6041000,31.0833000
-105.5988000,31.0753000
-105.5956000,31.0647000
-105.5884000,31.0602000
-105.5850000,31.0559000
-105.5799000,31.0357000
-105.5812000,31.0274000
-105.5789000,31.0212000
-105.5703000,31.0174000
-105.5688000,31.0151000
-105.5704000,31.0087000
-105.5576000,30.9900000
-105.5432000,30.9848000
-105.5381000,30.9859000
-105.5330000,30.9846000
-105.5277000,30.9787000
-105.5222000,30.9762000
-105.5179000,30.9710000
-105.5163000,30.9655000
-105.5027000,30.9678000
-105.4955000,30.9587000
-105.4993000,30.9508000
-105.4939000,30.9491000
-105.4899000,30.9457000
-105.4885000,30.9433000
-105.4919000,30.9435000
-105.4915000,30.9423000
-105.4895000,30.9409000
-105.4864000,30.9422000
-105.4824000,30.9409000
-105.4787000,30.9386000
-105.4764000,30.9343000
-105.4711000,30.9337000
-105.4712000,30.9313000
-105.4678000,30.9294000
-105.4672000,30.9248000
-105.4519000,30.9244000
-105.4520000,30.9205000
-105.4539000,30.9212000
-105.4548000,30.9192000
-105.4532000,30.9162000
-105.4471000,30.9194000
-105.4450000,30.9176000
-105.4450000,30.9135000
-105.4416000,30.9084000
-105.4303000,30.9057000
-105.4254000,30.9009000
-105.4162000,30.9003000
-105.4138000,30.8986000
-105.4109000,30.8921000
-105.4124000,30.8889000
-105.4041000,30.8921000
-105.4001000,30.8894000
-105.3994000,30.8843000
-105.4045000,30.8802000
-105.4003000,30.8766000
-105.3946000,30.8767000
-105.3920000,30.8747000
-105.3954000,30.8719000
-105.3945000,30.8682000
-105.3963000,30.8662000
-105.3951000,30.8624000
-105.4003000,30.8571000
-105.4012000,30.8532000
-105.3962000,30.8505000
-105.3877000,30.8537000
-105.3853000,30.8508000
-105.3836000,30.8520000
-105.3760000,30.8483000
-105.3690000,30.8474000
-105.3619000,30.8506000
-105.3595000,30.8462000
-105.3542000,30.8425000
-105.3542000,30.8374000
-105.3518000,30.8355000
-105.3491000,30.8359000
-105.3458000,30.8405000
-105.3398000,30.8400000
-105.3371000,30.8336000
-105.3282000,30.8311000
-105.3296000,30.8255000
-105.3274000,30.8248000
-105.3242000,30.8284000
-105.3186000,30.8283000
-105.3189000,30.8229000
-105.3164000,30.8186000
-105.3189000,30.8132000
-105.3165000,30.8109000
-105.3115000,30.8128000
-105.3096000,30.8168000
-105.3082000,30.8148000
-105.3089000,30.8106000
-105.3062000,30.8098000
-105.3010000,30.8183000
-105.2998000,30.8250000
-105.2912000,30.8258000
-105.2891000,30.8191000
-105.2832000,30.8183000
-105.2799000,30.8162000
-105.2758000,30.8071000
-105.2717000,30.8092000
-105.2674000,30.8086000
-105.2649000,30.8016000
-105.2564000,30.7944000
-105.2504000,30.7990000
-105.2440000,30.8001000
-105.2416000,30.8022000
-105.2307000,30.8038000
-105.2287000,30.8028000
-105.2291000,30.8005000
-105.2274000,30.7993000
-105.2178000,30.8058000
-105.2155000,30.8058000
-105.2107000,30.7986000
-105.2118000,30.7941000
-105.2175000,30.7935000
-105.2201000,30.7892000
-105.2199000,30.7866000
-105.2168000,30.7835000
-105.2123000,30.7819000
-105.2086000,30.7827000
-105.2066000,30.7861000
-105.1993000,30.7881000
-105.1956000,30.7922000
-105.1914000,30.7865000
-105.1857000,30.7835000
-105.1850000,30.7773000
-105.1748000,30.7675000
-105.1701000,30.7728000
-105.1681000,30.7789000
-105.1659000,30.7795000
-105.1636000,30.7712000
-105.1566000,30.7698000
-105.1617000,30.7524000
-105.1557000,30.7534000
-105.1516000,30.7512000
-105.1428000,30.7546000
-105.1407000,30.7523000
-105.1298000,30.7504000
-105.1267000,30.7476000
-105.1188000,30.7497000
-105.1208000,30.7442000
-105.1170000,30.7428000
-105.1141000,30.7458000
-105.1117000,30.7438000
-105.1122000,30.7409000
-105.1106000,30.7402000
-105.1118000,30.7327000
-105.1078000,30.7298000
-105.1067000,30.7319000
-105.1034000,30.7288000
-105.1056000,30.7237000
-105.1005000,30.7222000
-105.0985000,30.7165000
-105.0918000,30.7171000
-105.0878000,30.7154000
-105.0875000,30.7100000
-105.0806000,30.7079000
-105.0795000,30.7050000
-105.0825000,30.7032000
-105.0826000,30.7014000
-105.0783000,30.6996000
-105.0759000,30.7016000
-105.0696000,30.7020000
-105.0689000,30.7035000
-105.0657000,30.6983000
-105.0627000,30.6982000
-105.0616000,30.6946000
-105.0636000,30.6895000
-105.0619000,30.6858000
-105.0573000,30.6877000
-105.0547000,30.6846000
-105.0546000,30.6821000
-105.0488000,30.6823000
-105.0469000,30.6799000
-105.0446000,30.6842000
-105.0471000,30.6882000
-105.0428000,30.6872000
-105.0395000,30.6885000
-105.0364000,30.6869000
-105.0318000,30.6808000
-105.0272000,30.6789000
-105.0259000,30.6812000
-105.0212000,30.6813000
-105.0186000,30.6847000
-105.0136000,30.6822000
-105.0069000,30.6858000
-105.0022000,30.6807000
-105.0014000,30.6726000
-104.9993000,30.6707000
-104.9949000,30.6703000
-104.9934000,30.6651000
-104.9869000,30.6628000
-104.9834000,30.6324000
-104.9794000,30.6281000
-104.9809000,30.6257000
-104.9802000,30.6219000
-104.9717000,30.6100000
-104.9670000,30.6079000
-104.9581000,30.6099000
-104.9552000,30.6090000
-104.9515000,30.6043000
-104.9442000,30.6029000
-104.9359000,30.6061000
-104.9345000,30.5999000
-104.9305000,30.5985000
-104.9270000,30.6046000
-104.9224000,30.6034000
-104.9215000,30.5977000
-104.9191000,30.5975000
-104.9197000,30.5916000
-104.9212000,30.5901000
-104.9195000,30.5863000
-104.9090000,30.5843000
-104.9070000,30.5774000
-104.8996000,30.5708000
-104.8962000,30.5637000
-104.8977000,30.5541000
-104.8930000,30.5528000
-104.8942000,30.5512000
-104.8900000,30.5491000
-104.8909000,30.5464000
-104.8877000,30.5466000
-104.8878000,30.5440000
-104.8909000,30.5408000
-104.8892000,30.5350000
-104.8819000,30.5322000
-104.8807000,30.5305000
-104.8815000,30.5240000
-104.8843000,30.5263000
-104.8860000,30.5256000
-104.8815000,30.5213000
-104.8845000,30.5205000
-104.8857000,30.5181000
-104.8792000,30.5165000
-104.8800000,30.5131000
-104.8776000,30.5110000
-104.8736000,30.5135000
-104.8722000,30.5107000
-104.8739000,30.5061000
-104.8727000,30.5024000
-104.8742000,30.4955000
-104.8665000,30.4941000
-104.8673000,30.4854000
-104.8706000,30.4842000
-104.8718000,30.4800000
-104.8697000,30.4790000
-104.8696000,30.4740000
-104.8663000,30.4679000
-104.8698000,30.4577000
-104.8648000,30.4504000
-104.8686000,30.4417000
-104.8608000,30.4398000
-104.8594000,30.4319000
-104.8615000,30.4264000
-104.8571000,30.4244000
-104.8559000,30.4210000
-104.8495000,30.4190000
-104.8480000,30.4155000
-104.8535000,30.4134000
-104.8570000,30.4097000
-104.8551000,30.3988000
-104.8592000,30.3904000
-104.8373000,30.3739000
-104.8306000,30.3730000
-104.8166000,30.3751000
-104.8196000,30.3703000
-104.8194000,30.3680000
-104.8165000,30.3661000
-104.8117000,30.3667000
-104.8112000,30.3618000
-104.8137000,30.3604000
-104.8145000,30.3535000
-104.8225000,30.3518000
-104.8202000,30.3473000
-104.8115000,30.3417000
-104.8104000,30.3385000
-104.8113000,30.3327000
-104.8066000,30.3330000
-104.7980000,30.3305000
-104.7918000,30.3258000
-104.7880000,30.3175000
-104.7833000,30.3164000
-104.7771000,30.3103000
-104.7790000,30.3033000
-104.7728000,30.3029000
-104.7668000,30.3051000
-104.7669000,30.3037000
-104.7620000,30.3014000
-104.7605000,30.2959000
-104.7598000,30.2785000
-104.7632000,30.2746000
-104.7605000,30.2743000
-104.7606000,30.2723000
-104.7578000,30.2714000
-104.7516000,30.2738000
-104.7510000,30.2716000
-104.7491000,30.2733000
-104.7490000,30.2682000
-104.7519000,30.2638000
-104.7493000,30.2607000
-104.7411000,30.2597000
-104.7370000,30.2559000
-104.7372000,30.2613000
-104.7338000,30.2612000
-104.7255000,30.2539000
-104.7245000,30.2506000
-104.7193000,30.2463000
-104.7150000,30.2395000
-104.7068000,30.2342000
-104.7068000,30.2302000
-104.7110000,30.2232000
-104.7028000,30.2122000
-104.7048000,30.2079000
-104.7006000,30.2052000
-104.6994000,30.1987000
-104.6966000,30.1971000
-104.6968000,30.1915000
-104.6931000,30.1888000
-104.6914000,30.1843000
-104.6873000,30.1799000
-104.6871000,30.1689000
-104.6894000,30.1546000
-104.6872000,30.1517000
-104.6902000,30.1504000
-104.6904000,30.1488000
-104.6881000,30.1474000
-104.6885000,30.1451000
-104.6864000,30.1451000
-104.6871000,30.1427000
-104.6973000,30.1354000
-104.6953000,30.1323000
-104.6956000,30.1242000
-104.6939000,30.1223000
-104.6954000,30.1183000
-104.6940000,30.1168000
-104.6905000,30.1176000
-104.6914000,30.1113000
-104.6861000,30.1108000
-104.6855000,30.1090000
-104.6876000,30.1066000
-104.6911000,30.1086000
-104.6943000,30.1017000
-104.6922000,30.0962000
-104.6890000,30.0952000
-104.6864000,30.0994000
-104.6850000,30.0993000
-104.6862000,30.0920000
-104.6904000,30.0892000
-104.6883000,30.0852000
-104.6865000,30.0872000
-104.6862000,30.0848000
-104.6914000,30.0771000
-104.6900000,30.0754000
-104.6877000,30.0755000
-104.6884000,30.0738000
-104.6931000,30.0748000
-104.6946000,30.0687000
-104.6993000,30.0652000
-104.7041000,30.0645000
-104.7021000,30.0603000
-104.7053000,30.0589000
-104.7040000,30.0558000
-104.7066000,30.0506000
-104.6967000,30.0394000
-104.7018000,30.0332000
-104.7033000,30.0227000
-104.6935000,30.0191000
-104.6905000,30.0158000
-104.6900000,30.0106000
-104.6935000,30.0076000
-104.6945000,30.0032000
-104.6929000,30.0016000
-104.6899000,30.0029000
-104.6904000,30.0008000
-104.6874000,29.9972000
-104.6887000,29.9944000
-104.6949000,29.9947000
-104.6949000,29.9926000
-104.6858000,29.9898000
-104.6864000,29.9856000
-104.6886000,29.9853000
-104.6890000,29.9806000
-104.6938000,29.9760000
-104.6897000,29.9731000
-104.6808000,29.9773000
-104.6799000,29.9755000
-104.6812000,29.9741000
-104.6864000,29.9715000
-104.6821000,29.9693000
-104.6850000,29.9566000
-104.6735000,29.9560000
-104.6742000,29.9513000
-104.6783000,29.9517000
-104.6775000,29.9507000
-104.6810000,29.9462000
-104.6785000,29.9441000
-104.6786000,29.9385000
-104.6821000,29.9402000
-104.6834000,29.9360000
-104.6799000,29.9327000
-104.6815000,29.9305000
-104.6832000,29.9317000
-104.6838000,29.9291000
-104.6787000,29.9266000
-104.6806000,29.9222000
-104.6774000,29.9182000
-104.6777000,29.9138000
-104.6746000,29.9108000
-104.6703000,29.9120000
-104.6677000,29.9106000
-104.6663000,29.9089000
-104.6674000,29.9048000
-104.6655000,29.9014000
-104.6625000,29.9013000
-104.6624000,29.9052000
-104.6557000,29.9060000
-104.6554000,29.9031000
-104.6593000,29.9016000
-104.6585000,29.8906000
-104.6556000,29.8894000
-104.6516000,29.8920000
-104.6529000,29.8891000
-104.6467000,29.8836000
-104.6465000,29.8791000
-104.6409000,29.8735000
-104.6377000,29.8741000
-104.6342000,29.8712000
-104.6307000,29.8646000
-104.6310000,29.8559000
-104.6297000,29.8525000
-104.6218000,29.8497000
-104.6215000,29.8478000
-104.6254000,29.8430000
-104.6223000,29.8416000
-104.6211000,29.8421000
-104.6219000,29.8434000
-104.6194000,29.8414000
-104.6194000,29.8438000
-104.6154000,29.8463000
-104.6101000,29.8398000
-104.6130000,29.8349000
-104.6219000,29.8333000
-104.6219000,29.8305000
-104.6096000,29.8276000
-104.6105000,29.8194000
-104.6061000,29.8164000
-104.6032000,29.8172000
-104.6010000,29.8159000
-104.5993000,29.8100000
-104.5956000,29.8053000
-104.5920000,29.8064000
-104.5923000,29.8087000
-104.5939000,29.8083000
-104.5929000,29.8101000
-104.5912000,29.8095000
-104.5864000,29.8017000
-104.5913000,29.7994000
-104.5898000,29.7961000
-104.5820000,29.7950000
-104.5828000,29.7925000
-104.5785000,29.7879000
-104.5793000,29.7828000
-104.5750000,29.7818000
-104.5752000,29.7796000
-104.5709000,29.7783000
-104.5667000,29.7721000
-104.5661000,29.7696000
-104.5689000,29.7659000
-104.5672000,29.7655000
-104.5650000,29.7604000
-104.5668000,29.7599000
-104.5660000,29.7586000
-104.5676000,29.7569000
-104.5693000,29.7576000
-104.5702000,29.7523000
-104.5605000,29.7474000
-104.5553000,29.7423000
-104.5509000,29.7413000
-104.5506000,29.7391000
-104.5596000,29.7381000
-104.5609000,29.7365000
-104.5604000,29.7353000
-104.5562000,29.7352000
-104.5573000,29.7328000
-104.5559000,29.7315000
-104.5499000,29.7312000
-104.5493000,29.7281000
-104.5527000,29.7241000
-104.5495000,29.7211000
-104.5524000,29.7171000
-104.5455000,29.7169000
-104.5479000,29.7146000
-104.5444000,29.7114000
-104.5464000,29.7089000
-104.5438000,29.7044000
-104.5459000,29.7001000
-104.5441000,29.6962000
-104.5308000,29.6905000
-104.5321000,29.6879000
-104.5386000,29.6846000
-104.5414000,29.6850000
-104.5444000,29.6816000
-104.5356000,29.6735000
-104.5368000,29.6682000
-104.5335000,29.6667000
-104.5336000,29.6693000
-104.5296000,29.6704000
-104.5282000,29.6674000
-104.5251000,29.6659000
-104.5250000,29.6596000
-104.5170000,29.6528000
-104.5187000,29.6493000
-104.5176000,29.6473000
-104.5132000,29.6466000
-104.5100000,29.6442000
-104.5159000,29.6410000
-104.5086000,29.6328000
-104.5060000,29.6334000
-104.5062000,29.6377000
-104.4968000,29.6394000
-104.4971000,29.6366000
-104.4954000,29.6341000
-104.4874000,29.6338000
-104.4855000,29.6283000
-104.4767000,29.6277000
-104.4732000,29.6180000
-104.4658000,29.6184000
-104.4678000,29.6137000
-104.4674000,29.6095000
-104.4560000,29.6079000
-104.4559000,29.6048000
-104.4598000,29.6031000
-104.4597000,29.5982000
-104.4519000,29.5933000
-104.4565000,29.5886000
-104.4539000,29.5874000
-104.4532000,29.5839000
-104.4507000,29.5817000
-104.4444000,29.5825000
-104.4447000,29.5839000
-104.4483000,29.5843000
-104.4487000,29.5878000
-104.4467000,29.5872000
-104.4452000,29.5879000
-104.4459000,29.5896000
-104.4413000,29.5899000
-104.4341000,29.5818000
-104.4184000,29.5760000
-104.4172000,29.5718000
-104.4134000,29.5719000
-104.4118000,29.5697000
-104.4097000,29.5697000
-104.3993000,29.5721000
-104.3971000,29.5697000
-104.3932000,29.5535000
-104.3857000,29.5546000
-104.3838000,29.5531000
-104.3836000,29.5497000
-104.3859000,29.5457000
-104.3845000,29.5422000
-104.3800000,29.5418000
-104.3726000,29.5439000
-104.3693000,29.5420000
-104.3683000,29.5389000
-104.3610000,29.5352000
-104.3589000,29.5367000
-104.3581000,29.5410000
-104.3552000,29.5406000
-104.3524000,29.5367000
-104.3548000,29.5315000
-104.3531000,29.5287000
-104.3439000,29.5286000
-104.3404000,29.5271000
-104.3381000,29.5241000
-104.3391000,29.5211000
-104.3365000,29.5199000
-104.3263000,29.5235000
-104.3221000,29.5217000
-104.3204000,29.5253000
-104.3212000,29.5287000
-104.3185000,29.5317000
-104.3155000,29.5324000
-104.3120000,29.5305000
-104.3121000,29.5238000
-104.3110000,29.5233000
-104.3013000,29.5243000
-104.2940000,29.5222000
-104.2921000,29.5198000
-104.2731000,29.5163000
-104.2645000,29.5127000
-104.2615000,29.5067000
-104.2507000,29.5048000
-104.2407000,29.4976000
-104.2368000,29.4971000
-104.2338000,29.4935000
-104.2328000,29.4810000
-104.2308000,29.4790000
-104.2145000,29.4850000
-104.2091000,29.4814000
-104.2111000,29.4767000
-104.2131000,29.4627000
-104.2184000,29.4588000
-104.2175000,29.4561000
-104.2098000,29.4493000
-104.1955000,29.4414000
-104.1934000,29.4353000
-104.1858000,29.4282000
-104.1822000,29.4272000
-104.1812000,29.4225000
-104.1834000,29.4207000
-104.1836000,29.4172000
-104.1807000,29.4151000
-104.1792000,29.4104000
-104.1741000,29.4100000
-104.1701000,29.4021000
-104.1674000,29.4023000
-104.1665000,29.3999000
-104.1686000,29.3977000
-104.1679000,29.3955000
-104.1611000,29.3902000
-104.1574000,29.3906000
-104.1561000,29.3940000
-104.1534000,29.3933000
-104.1517000,29.3879000
-104.1483000,29.3853000
-104.1445000,29.3878000
-104.1439000,29.3818000
-104.1414000,29.3779000
-104.1381000,29.3787000
-104.1379000,29.3818000
-104.1350000,29.3843000
-104.1339000,29.3817000
-104.1293000,29.3788000
-104.1229000,29.3803000
-104.1220000,29.3728000
-104.1195000,29.3707000
-104.1126000,29.3736000
-104.1078000,29.3736000
-104.0985000,29.3662000
-104.0981000,29.3616000
-104.0911000,29.3596000
-104.0899000,29.3579000
-104.0913000,29.3535000
-104.0831000,29.3466000
-104.0774000,29.3444000
-104.0729000,29.3462000
-104.0674000,29.3416000
-104.0560000,29.3369000
-104.0564000,29.3321000
-104.0544000,29.3300000
-104.0379000,29.3199000
-104.0196000,29.3118000
-104.0155000,29.3116000
-104.0016000,29.3055000
-103.9923000,29.3041000
-103.9839000,29.2993000
-103.9734000,29.2961000
-103.9705000,29.2968000
-103.9680000,29.2999000
-103.9524000,29.2975000
-103.9502000,29.2954000
-103.9430000,29.2951000
-103.9383000,29.2930000
-103.9257000,29.2943000
-103.9189000,29.2904000
-103.9178000,29.2843000
-103.9017000,29.2872000
-103.8979000,29.2863000
-103.8895000,29.2794000
-103.8854000,29.2816000
-103.8852000,29.2842000
-103.8816000,29.2853000
-103.8743000,29.2839000
-103.8695000,29.2807000
-103.8663000,29.2822000
-103.8635000,29.2796000
-103.8562000,29.2819000
-103.8444000,29.2800000
-103.8379000,29.2784000
-103.8353000,29.2729000
-103.8261000,29.2693000
-103.8137000,29.2743000
-103.8096000,29.2733000
-103.8083000,29.2713000
-103.8091000,29.2670000
-103.8064000,29.2615000
-103.7998000,29.2586000
-103.7952000,29.2602000
-103.7886000,29.2655000
-103.7833000,29.2655000
-103.7754000,29.2480000
-103.7767000,29.2439000
-103.7808000,29.2446000
-103.7824000,29.2269000
-103.7809000,29.2270000
-103.7763000,29.2207000
-103.7694000,29.2209000
-103.7675000,29.2252000
-103.7681000,29.2276000
-103.7604000,29.2335000
-103.7579000,29.2325000
-103.7544000,29.2274000
-103.7575000,29.2236000
-103.7573000,29.2209000
-103.7500000,29.2196000
-103.7426000,29.2223000
-103.7411000,29.2193000
-103.7435000,29.2156000
-103.7398000,29.2054000
-103.7365000,29.2015000
-103.7299000,29.1977000
-103.7285000,29.1929000
-103.7243000,29.1912000
-103.7186000,29.1809000
-103.7152000,29.1812000
-103.7133000,29.1851000
-103.7041000,29.1849000
-103.6983000,29.1776000
-103.6885000,29.1782000
-103.6782000,29.1742000
-103.6595000,29.1706000
-103.6568000,29.1694000
-103.6516000,29.1617000
-103.6518000,29.1582000
-103.6501000,29.1567000
-103.6401000,29.1609000
-103.6325000,29.1584000
-103.6274000,29.1624000
-103.6184000,29.1626000
-103.6116000,29.1652000
-103.6036000,29.1583000
-103.6007000,29.1581000
-103.5992000,29.1548000
-103.5935000,29.1503000
-103.5828000,29.1496000
-103.5780000,29.1501000
-103.5729000,29.1536000
-103.5575000,29.1558000
-103.5541000,29.1585000
-103.5504000,29.1545000
-103.5531000,29.1494000
-103.5502000,29.1435000
-103.5484000,29.1425000
-103.5444000,29.1447000
-103.5392000,29.1448000
-103.5251000,29.1374000
-103.5236000,29.1288000
-103.5249000,29.1213000
-103.5204000,29.1199000
-103.5142000,29.1205000
-103.5060000,29.1165000
-103.5013000,29.1167000
-103.5013000,29.1147000
-103.5053000,29.1107000
-103.5047000,29.1079000
-103.5025000,29.1070000
-103.4943000,29.1085000
-103.4915000,29.1028000
-103.4834000,29.0932000
-103.4774000,29.0906000
-103.4768000,29.0877000
-103.4707000,29.0851000
-103.4713000,29.0762000
-103.4743000,29.0710000
-103.4723000,29.0666000
-103.4636000,29.0659000
-103.4619000,29.0676000
-103.4600000,29.0672000
-103.4608000,29.0724000
-103.4508000,29.0728000
-103.4506000,29.0659000
-103.4459000,29.0612000
-103.4423000,29.0584000
-103.4343000,29.0570000
-103.4354000,29.0545000
-103.4300000,29.0487000
-103.4337000,29.0455000
-103.4334000,29.0438000
-103.4289000,29.0421000
-103.4204000,29.0427000
-103.4156000,29.0376000
-103.4050000,29.0395000
-103.4035000,29.0329000
-103.4008000,29.0308000
-103.3909000,29.0346000
-103.3880000,29.0321000
-103.3865000,29.0214000
-103.3835000,29.0241000
-103.3759000,29.0237000
-103.3614000,29.0186000
-103.3580000,29.0190000
-103.3534000,29.0223000
-103.3516000,29.0276000
-103.3499000,29.0284000
-103.3485000,29.0376000
-103.3448000,29.0454000
-103.3306000,29.0432000
-103.3275000,29.0399000
-103.3278000,29.0326000
-103.3350000,29.0281000
-103.3420000,29.0284000
-103.3400000,29.0218000
-103.3355000,29.0176000
-103.3274000,29.0161000
-103.3208000,29.0188000
-103.3145000,29.0259000
-103.3079000,29.0250000
-103.3074000,29.0200000
-103.3110000,29.0147000
-103.3159000,29.0117000
-103.3153000,29.0090000
-103.3096000,29.0037000
-103.3076000,29.0032000
-103.3019000,29.0072000
-103.2965000,29.0066000
-103.2864000,29.0006000
-103.2817000,28.9888000
-103.2830000,28.9831000
-103.2885000,28.9812000
-103.2884000,28.9781000
-103.2851000,28.9765000
-103.2797000,28.9759000
-103.2744000,28.9813000
-103.2706000,28.9865000
-103.2690000,28.9939000
-103.2671000,28.9960000
-103.2532000,28.9866000
-103.2505000,28.9803000
-103.2382000,28.9812000
-103.2279000,28.9917000
-103.2204000,28.9835000
-103.2148000,28.9876000
-103.2025000,28.9871000
-103.1814000,28.9825000
-103.1756000,28.9776000
-103.1706000,28.9803000
-103.1659000,28.9777000
-103.1663000,28.9742000
-103.1639000,28.9720000
-103.1602000,28.9736000
-103.1538000,28.9715000
-103.1512000,28.9751000
-103.1440000,28.9775000
-103.1341000,28.9837000
-103.1269000,28.9819000
-103.1234000,28.9843000
-103.1161000,28.9842000
-103.1136000,28.9885000
-103.1164000,29.0003000
-103.1078000,29.0133000
-103.1015000,29.0176000
-103.0980000,29.0268000
-103.1033000,29.0329000
-103.1063000,29.0399000
-103.1007000,29.0502000
-103.1007000,29.0603000
-103.0971000,29.0605000
-103.0959000,29.0642000
-103.0928000,29.0645000
-103.0916000,29.0634000
-103.0915000,29.0550000
-103.0899000,29.0533000
-103.0857000,29.0534000
-103.0852000,29.0599000
-103.0872000,29.0667000
-103.0770000,29.0756000
-103.0765000,29.0806000
-103.0796000,29.0878000
-103.0765000,29.0909000
-103.0697000,29.0936000
-103.0646000,29.0911000
-103.0540000,29.1005000
-103.0450000,29.0953000
-103.0395000,29.0968000
-103.0338000,29.1012000
-103.0302000,29.1128000
-103.0243000,29.1193000
-103.0231000,29.1234000
-103.0191000,29.1259000
-103.0152000,29.1245000
-103.0118000,29.1265000
-103.0151000,29.1320000
-103.0151000,29.1348000
-103.0125000,29.1371000
-103.0088000,29.1375000
-103.0082000,29.1483000
-103.0016000,29.1507000
-102.9958000,29.1607000
-102.9978000,29.1734000
-102.9943000,29.1799000
-102.9786000,29.1862000
-102.9744000,29.1857000
-102.9570000,29.1787000
-102.9508000,29.1735000
-102.9504000,29.1783000
-102.9453000,29.1839000
-102.9437000,29.1911000
-102.9418000,29.1916000
-102.9400000,29.1886000
-102.9380000,29.1882000
-102.9323000,29.1947000
-102.9254000,29.1937000
-102.9197000,29.1909000
-102.9172000,29.1915000
-102.9189000,29.1982000
-102.9144000,29.2001000
-102.9129000,29.2069000
-102.9158000,29.2123000
-102.9157000,29.2154000
-102.9120000,29.2192000
-102.9087000,29.2197000
-102.8991000,29.2089000
-102.8944000,29.2086000
-102.8786000,29.2135000
-102.8770000,29.2167000
-102.8678000,29.2231000
-102.8664000,29.2271000
-102.8712000,29.2321000
-102.8703000,29.2363000
-102.8715000,29.2416000
-102.8805000,29.2461000
-102.8877000,29.2457000
-102.8963000,29.2539000
-102.9030000,29.2543000
-102.9058000,29.2585000
-102.9059000,29.2615000
-102.9017000,29.2645000
-102.8992000,29.2692000
-102.9028000,29.2762000
-102.9027000,29.2796000
-102.8985000,29.2803000
-102.8955000,29.2852000
-102.8894000,29.2881000
-102.8882000,29.2903000
-102.8881000,29.2958000
-102.8927000,29.3085000
-102.8872000,29.3115000
-102.8870000,29.3180000
-102.8840000,29.3208000
-102.8844000,29.3249000
-102.8800000,29.3376000
-102.8802000,29.3420000
-102.8835000,29.3478000
-102.8775000,29.3546000
-102.8725000,29.3520000
-102.8614000,29.3513000
-102.8392000,29.3589000
-102.8392000,29.3618000
-102.8448000,29.3647000
-102.8447000,29.3746000
-102.8407000,29.3774000
-102.8340000,29.3788000
-102.8320000,29.3890000
-102.8251000,29.3969000
-102.8194000,29.3983000
-102.8150000,29.3969000
-102.8120000,29.4000000
-102.8132000,29.4022000
-102.8187000,29.4036000
-102.8254000,29.4026000
-102.8262000,29.4076000
-102.8328000,29.4091000
-102.8262000,29.4174000
-102.8318000,29.4332000
-102.8303000,29.4346000
-102.8314000,29.4383000
-102.8304000,29.4440000
-102.8189000,29.4508000
-102.8240000,29.4550000
-102.8246000,29.4573000
-102.8224000,29.4622000
-102.8142000,29.4715000
-102.8151000,29.4766000
-102.8131000,29.4828000
-102.8041000,29.4840000
-102.8005000,29.4867000
-102.8064000,29.4942000
-102.8039000,29.5005000
-102.8073000,29.5039000
-102.8065000,29.5157000
-102.8085000,29.5190000
-102.8083000,29.5226000
-102.7993000,29.5259000
-102.7972000,29.5294000
-102.7921000,29.5327000
-102.7915000,29.5360000
-102.7931000,29.5396000
-102.7916000,29.5427000
-102.7804000,29.5424000
-102.7762000,29.5472000
-102.7742000,29.5466000
-102.7710000,29.5484000
-102.7774000,29.5549000
-102.7777000,29.5607000
-102.7734000,29.5668000
-102.7741000,29.5725000
-102.7725000,29.5736000
-102.7661000,29.5721000
-102.7621000,29.5795000
-102.7685000,29.5947000
-102.7646000,29.5978000
-102.7610000,29.5985000
-102.7465000,29.5923000
-102.7402000,29.5979000
-102.7416000,29.6027000
-102.7390000,29.6068000
-102.7386000,29.6189000
-102.7390000,29.6253000
-102.7417000,29.6296000
-102.7414000,29.6346000
-102.7362000,29.6417000
-102.7297000,29.6406000
-102.7257000,29.6433000
-102.7240000,29.6484000
-102.7256000,29.6504000
-102.7126000,29.6584000
-102.7087000,29.6665000
-102.7040000,29.6713000
-102.6965000,29.6719000
-102.6933000,29.6767000
-102.6994000,29.6855000
-102.6986000,29.6971000
-102.6883000,29.7054000
-102.6902000,29.7074000
-102.6911000,29.7216000
-102.6876000,29.7226000
-102.6816000,29.7278000
-102.6740000,29.7446000
-102.6675000,29.7450000
-102.6670000,29.7390000
-102.6590000,29.7352000
-102.6400000,29.7333000
-102.6303000,29.7340000
-102.6225000,29.7363000
-102.6122000,29.7482000
-102.6074000,29.7477000
-102.5979000,29.7513000
-102.5888000,29.7490000
-102.5794000,29.7548000
-102.5741000,29.7546000
-102.5722000,29.7566000
-102.5723000,29.7592000
-102.5744000,29.7653000
-102.5720000,29.7691000
-102.5680000,29.7715000
-102.5629000,29.7671000
-102.5550000,29.7549000
-102.5553000,29.7491000
-102.5509000,29.7452000
-102.5480000,29.7446000
-102.5404000,29.7481000
-102.5351000,29.7540000
-102.5133000,29.7654000
-102.5103000,29.7738000
-102.5179000,29.7787000
-102.5186000,29.7818000
-102.5174000,29.7838000
-102.4991000,29.7811000
-102.4872000,29.7869000
-102.4823000,29.7833000
-102.4824000,29.7780000
-102.4808000,29.7762000
-102.4723000,29.7764000
-102.4686000,29.7820000
-102.4653000,29.7835000
-102.4583000,29.7749000
-102.4478000,29.7778000
-102.4388000,29.7734000
-102.4350000,29.7768000
-102.4222000,29.7693000
-102.4149000,29.7692000
-102.4071000,29.7642000
-102.3988000,29.7696000
-102.3955000,29.7693000
-102.3879000,29.7611000
-102.3851000,29.7711000
-102.3899000,29.7828000
-102.3788000,29.7880000
-102.3772000,29.7901000
-102.3776000,29.8005000
-102.3628000,29.8321000
-102.3642000,29.8452000
-102.3625000,29.8480000
-102.3522000,29.8529000
-102.3498000,29.8628000
-102.3432000,29.8654000
-102.3415000,29.8694000
-102.3338000,29.8682000
-102.3321000,29.8629000
-102.3237000,29.8640000
-102.3227000,29.8679000
-102.3245000,29.8735000
-102.3214000,29.8787000
-102.3163000,29.8800000
-102.3116000,29.8770000
-102.3008000,29.8777000
-102.2955000,29.8735000
-102.2871000,29.8713000
-102.2812000,29.8629000
-102.2758000,29.8632000
-102.2691000,29.8679000
-102.2651000,29.8677000
-102.2620000,29.8632000
-102.2640000,29.8553000
-102.2603000,29.8531000
-102.2527000,29.8535000
-102.2500000,29.8634000
-102.2464000,29.8642000
-102.2433000,29.8593000
-102.2455000,29.8513000
-102.2446000,29.8488000
-102.2318000,29.8483000
-102.2232000,29.8405000
-102.2198000,29.8409000
-102.2150000,29.8440000
-102.2098000,29.8445000
-102.2064000,29.8432000
-102.2000000,29.8370000
-102.1963000,29.8363000
-102.1933000,29.8390000
-102.1909000,29.8473000
-102.1870000,29.8488000
-102.1821000,29.8461000
-102.1785000,29.8401000
-102.1784000,29.8369000
-102.1812000,29.8313000
-102.1801000,29.8265000
-102.1664000,29.8254000
-102.1611000,29.8189000
-102.1598000,29.8142000
-102.1538000,29.8113000
-102.1511000,29.8119000
-102.1435000,29.8033000
-102.1362000,29.8019000
-102.1291000,29.7980000
-102.1203000,29.8021000
-102.1188000,29.8013000
-102.1160000,29.7919000
-102.1141000,29.7932000
-102.1087000,29.7915000
-102.1004000,29.7934000
-102.0941000,29.7911000
-102.0841000,29.7949000
-102.0780000,29.7918000
-102.0746000,29.7870000
-102.0727000,29.7866000
-102.0551000,29.7868000
-102.0519000,29.7848000
-102.0491000,29.7855000
-102.0475000,29.7889000
-102.0405000,29.7899000
-102.0381000,29.7919000
-102.0408000,29.7993000
-102.0392000,29.8025000
-102.0356000,29.8040000
-102.0296000,29.8020000
-102.0228000,29.8028000
-102.0155000,29.7974000
-101.9967000,29.8059000
-101.9912000,29.7976000
-101.9867000,29.7971000
-101.9841000,29.7993000
-101.9816000,29.8063000
-101.9831000,29.8099000
-101.9817000,29.8150000
-101.9755000,29.8157000
-101.9670000,29.8127000
-101.9634000,29.8001000
-101.9578000,29.7958000
-101.9544000,29.7957000
-101.9457000,29.8015000
-101.9359000,29.7995000
-101.9330000,29.7939000
-101.9337000,29.7855000
-101.9296000,29.7827000
-101.9224000,29.7858000
-101.9127000,29.7977000
-101.8907000,29.7974000
-101.8841000,29.7935000
-101.8806000,29.7954000
-101.8748000,29.7940000
-101.8667000,29.7980000
-101.8562000,29.8070000
-101.8528000,29.8077000
-101.8491000,29.8067000
-101.8469000,29.8024000
-101.8382000,29.7937000
-101.8236000,29.7873000
-101.8195000,29.7893000
-101.8187000,29.7925000
-101.8249000,29.8025000
-101.8256000,29.8071000
-101.8224000,29.8105000
-101.8173000,29.8115000
-101.8041000,29.8041000
-101.8064000,29.7995000
-101.8140000,29.7935000
-101.8117000,29.7846000
-101.8044000,29.7800000
-101.7886000,29.7792000
-101.7859000,29.7828000
-101.7857000,29.7880000
-101.7753000,29.7891000
-101.7548000,29.7775000
-101.7413000,29.7782000
-101.7389000,29.7731000
-101.7346000,29.7715000
-101.7302000,29.7714000
-101.7250000,29.7758000
-101.7201000,29.7758000
-101.7130000,29.7640000
-101.7101000,29.7618000
-101.6977000,29.7657000
-101.6899000,29.7710000
-101.6864000,29.7687000
-101.6818000,29.7611000
-101.6760000,29.7606000
-101.6723000,29.7678000
-101.6623000,29.7712000
-101.6588000,29.7668000
-101.6547000,29.7654000
-101.6522000,29.7586000
-101.6439000,29.7541000
-101.6358000,29.7580000
-101.6333000,29.7606000
-101.6306000,29.7681000
-101.6262000,29.7704000
-101.6170000,29.7697000
-101.6040000,29.7735000
-101.5749000,29.7693000
-101.5724000,29.7746000
-101.5735000,29.7882000
-101.5700000,29.7960000
-101.5645000,29.8001000
-101.5577000,29.8013000
-101.5526000,29.8041000
-101.5478000,29.8097000
-101.5441000,29.8115000
-101.5403000,29.8078000
-101.5353000,29.7982000
-101.5390000,29.7864000
-101.5398000,29.7646000
-101.5395000,29.7606000
-101.5367000,29.7581000
-101.5306000,29.7585000
-101.5193000,29.7643000
-101.5022000,29.7642000
-101.4864000,29.7744000
-101.4795000,29.7835000
-101.4637000,29.7893000
-101.4572000,29.7888000
-101.4534000,29.7847000
-101.4555000,29.7707000
-101.4525000,29.7630000
-101.4510000,29.7533000
-101.4461000,29.7498000
-101.4369000,29.7511000
-101.4089000,29.7710000
-101.4013000,29.7707000
-101.3983000,29.7660000
-101.3991000,29.7620000
-101.4021000,29.7586000
-101.4149000,29.7526000
-101.4160000,29.7469000
-101.4105000,29.7416000
-101.4012000,29.7385000
-101.3972000,29.7352000
-101.3963000,29.7281000
-101.3990000,29.7183000
-101.3977000,29.7138000
-101.3730000,29.6997000
-101.3719000,29.6928000
-101.3735000,29.6775000
-101.3654000,29.6664000
-101.3632000,29.6542000
-101.3607000,29.6487000
-101.3583000,29.6479000
-101.3555000,29.6494000
-101.3477000,29.6620000
-101.3369000,29.6596000
-101.3218000,29.6604000
-101.3162000,29.6592000
-101.3057000,29.6542000
-101.3016000,29.6485000
-101.3004000,29.6419000
-101.3013000,29.6353000
-101.3104000,29.6170000
-101.3133000,29.6038000
-101.3109000,29.5873000
-101.3050000,29.5773000
-101.2969000,29.5722000
-101.2915000,29.5721000
-101.2789000,29.5877000
-101.2769000,29.6011000
-101.2798000,29.6154000
-101.2764000,29.6218000
-101.2685000,29.6297000
-101.2640000,29.6305000
-101.2539000,29.6270000
-101.2479000,29.6195000
-101.2523000,29.6032000
-101.2430000,29.5662000
-101.2543000,29.5513000
-101.2609000,29.5382000
-101.2611000,29.5267000
-101.2586000,29.5224000
-101.2541000,29.5208000
-101.2363000,29.5237000
-101.1856000,29.5180000
-101.1761000,29.5120000
-101.1623000,29.4906000
-101.1476000,29.4745000
-101.1420000,29.4727000
-101.1298000,29.4767000
-101.1156000,29.4683000
-101.1027000,29.4702000
-101.0886000,29.4695000
-101.0601000,29.4585000
-101.0570000,29.4408000
-101.0432000,29.4294000
-101.0377000,29.4145000
-101.0388000,29.4105000
-101.0371000,29.4065000
-101.0171000,29.3878000
-101.0135000,29.3808000
-101.0141000,29.3740000
-101.0108000,29.3692000
-101.0047000,29.3653000
-100.9938000,29.3628000
-100.9727000,29.3544000
-100.9720000,29.3518000
-100.9636000,29.3468000
-100.9498000,29.3477000
-100.9431000,29.3416000
-100.9410000,29.3335000
-100.9386000,29.3314000
-100.9361000,29.3314000
-100.9279000,29.3267000
-100.9198000,29.3259000
-100.9178000,29.3244000
-100.9167000,29.3190000
-100.9075000,29.3166000
-100.9064000,29.3132000
-100.8989000,29.3093000
-100.8934000,29.3106000
-100.8862000,29.3074000
-100.8813000,29.2983000
-100.8803000,29.2827000
-100.8759000,29.2795000
-100.8634000,29.2758000
-100.8548000,29.2755000
-100.8528000,29.2721000
-100.8486000,29.2718000
-100.8408000,29.2644000
-100.8351000,29.2616000
-100.8249000,29.2614000
-100.8180000,29.2642000
-100.8142000,29.2639000
-100.8129000,29.2612000
-100.8163000,29.2563000
-100.8164000,29.2537000
-100.8059000,29.2521000
-100.7960000,29.2452000
-100.7943000,29.2421000
-100.7970000,29.2339000
-100.7958000,29.2288000
-100.7925000,29.2256000
-100.7852000,29.2279000
-100.7815000,29.2195000
-100.7738000,29.2106000
-100.7766000,29.2045000
-100.7762000,29.2001000
-100.7693000,29.1991000
-100.7670000,29.1957000
-100.7662000,29.1849000
-100.7761000,29.1727000
-100.7728000,29.1684000
-100.7641000,29.1654000
-100.7635000,29.1601000
-100.7596000,29.1570000
-100.7468000,29.1545000
-100.7393000,29.1502000
-100.7370000,29.1477000
-100.7387000,29.1400000
-100.7245000,29.1273000
-100.7088000,29.1189000
-100.6989000,29.1169000
-100.6846000,29.1112000
-100.6749000,29.1007000
-100.6678000,29.0859000
-100.6644000,29.0747000
-100.6637000,29.0505000
-100.6602000,29.0319000
-100.6563000,29.0181000
-100.6510000,29.0083000
-100.6486000,28.9996000
-100.6492000,28.9958000
-100.6457000,28.9878000
-100.6485000,28.9829000
-100.6464000,28.9673000
-100.6506000,28.9622000
-100.6477000,28.9602000
-100.6470000,28.9564000
-100.6507000,28.9485000
-100.6515000,28.9429000
-100.6454000,28.9399000
-100.6380000,28.9270000
-100.6310000,28.9245000
-100.6297000,28.9226000
-100.6297000,28.9190000
-100.6315000,28.9168000
-100.6393000,28.9166000
-100.6409000,28.9146000
-100.6364000,28.9113000
-100.6326000,28.9037000
-100.6268000,28.9039000
-100.6247000,28.9060000
-100.6246000,28.9095000
-100.6225000,28.9102000
-100.6167000,28.9075000
-100.6158000,28.9029000
-100.6134000,28.9012000
-100.6108000,28.9007000
-100.6069000,28.9028000
-100.6010000,28.9016000
-100.6034000,28.8877000
-100.6007000,28.8863000
-100.5912000,28.8890000
-100.5895000,28.8868000
-100.5906000,28.8836000
-100.5989000,28.8796000
-100.5988000,28.8748000
-100.5969000,28.8731000
-100.5904000,28.8729000
-100.5915000,28.8646000
-100.5899000,28.8616000
-100.5793000,28.8552000
-100.5730000,28.8488000
-100.5770000,28.8358000
-100.5745000,28.8281000
-100.5703000,28.8258000
-100.5618000,28.8292000
-100.5476000,28.8262000
-100.5455000,28.8185000
-100.5461000,28.8128000
-100.5418000,28.8080000
-100.5351000,28.8047000
-100.5330000,28.7885000
-100.5381000,28.7813000
-100.5351000,28.7755000
-100.5305000,28.7721000
-100.5297000,28.7687000
-100.5329000,28.7640000
-100.5334000,28.7588000
-100.5283000,28.7558000
-100.5211000,28.7576000
-100.5145000,28.7513000
-100.5144000,28.7422000
-100.5074000,28.7402000
-100.5080000,28.7225000
-100.5067000,28.7169000
-100.5120000,28.7065000
-100.5082000,28.6841000
-100.5002000,28.6617000
-100.4973000,28.6587000
-100.4796000,28.6556000
-100.4744000,28.6471000
-100.4615000,28.6408000
-100.4559000,28.6424000
-100.4472000,28.6421000
-100.4457000,28.6376000
-100.4486000,28.6170000
-100.4472000,28.6092000
-100.4336000,28.6063000
-100.4321000,28.5984000
-100.4299000,28.5962000
-100.3985000,28.5851000
-100.3968000,28.5810000
-100.3974000,28.5750000
-100.4092000,28.5564000
-100.4110000,28.5498000
-100.4047000,28.5355000
-100.3940000,28.5274000
-100.3883000,28.5147000
-100.3679000,28.5096000
-100.3537000,28.5041000
-100.3401000,28.5023000
-100.3339000,28.4993000
-100.3359000,28.4933000
-100.3444000,28.4862000
-100.3554000,28.4820000
-100.3648000,28.4815000
-100.3679000,28.4795000
-100.3684000,28.4767000
-100.3604000,28.4665000
-100.3407000,28.4488000
-100.3377000,28.4425000
-100.3365000,28.4285000
-100.3417000,28.4148000
-100.3495000,28.4034000
-100.3427000,28.3864000
-100.3184000,28.3592000
-100.3145000,28.3461000
-100.2912000,28.3200000
-100.2866000,28.3122000
-100.2882000,28.2996000
-100.2942000,28.2836000
-100.2936000,28.2788000
-100.2908000,28.2750000
-100.2823000,28.2700000
-100.2737000,28.2577000
-100.2555000,28.2384000
-100.2462000,28.2343000
-100.2271000,28.2358000
-100.2211000,28.2332000
-100.2173000,28.2263000
-100.2129000,28.1991000
-100.2095000,28.1913000
-100.1956000,28.1896000
-100.1843000,28.1850000
-100.1736000,28.1786000
-100.1679000,28.1710000
-100.1589000,28.1676000
-100.1413000,28.1681000
-100.1201000,28.1558000
-100.0862000,28.1462000
-100.0834000,28.1433000
-100.0779000,28.1291000
-100.0678000,28.1143000
-100.0561000,28.1039000
-100.0567000,28.0939000
-100.0530000,28.0851000
-100.0464000,28.0791000
-100.0285000,28.0732000
-100.0182000,28.0657000
-100.0122000,28.0354000
-100.0073000,28.0202000
-99.9905000,27.9936000
-99.9602000,27.9831000
-99.9389000,27.9823000
-99.9315000,27.9803000
-99.9326000,27.9662000
-99.9388000,27.9522000
-99.9373000,27.9409000
-99.9349000,27.9376000
-99.9277000,27.9333000
-99.9258000,27.9271000
-99.9188000,27.9189000
-99.9005000,27.9124000
-99.8937000,27.8998000
-99.8947000,27.8917000
-99.9028000,27.8819000
-99.9041000,27.8737000
-99.9011000,27.8640000
-99.8928000,27.8556000
-99.8824000,27.8498000
-99.8768000,27.8408000
-99.8759000,27.8358000
-99.8780000,27.8256000
-99.8740000,27.8126000
-99.8778000,27.8004000
-99.8755000,27.7968000
-99.8708000,27.7940000
-99.8508000,27.7939000
-99.8444000,27.7784000
-99.8423000,27.7676000
-99.8362000,27.7632000
-99.8308000,27.7631000
-99.8239000,27.7653000
-99.8178000,27.7762000
-99.8128000,27.7737000
-99.8080000,27.7653000
-99.7999000,27.7396000
-99.7931000,27.7329000
-99.7883000,27.7307000
-99.7842000,27.7304000
-99.7747000,27.7334000
-99.7691000,27.7306000
-99.7606000,27.7212000
-99.7567000,27.7114000
-99.7339000,27.6876000
-99.7240000,27.6730000
-99.7226000,27.6674000
-99.7105000,27.6574000
-99.7046000,27.6550000
-99.6993000,27.6554000
-99.6960000,27.6638000
-99.6901000,27.6688000
-99.6892000,27.6639000
-99.6865000,27.6615000
-99.6787000,27.6586000
-99.6704000,27.6600000
-99.6659000,27.6586000
-99.6618000,27.6552000
-99.6583000,27.6488000
-99.6606000,27.6437000
-99.6656000,27.6400000
-99.6663000,27.6364000
-99.6555000,27.6293000
-99.6487000,27.6304000
-99.6387000,27.6267000
-99.6278000,27.6294000
-99.6228000,27.6335000
-99.6268000,27.6399000
-99.6241000,27.6436000
-99.6205000,27.6429000
-99.6159000,27.6374000
-99.6034000,27.6419000
-99.5959000,27.6398000
-99.5926000,27.6355000
-99.5915000,27.6277000
-99.5831000,27.6209000
-99.5771000,27.6183000
-99.5768000,27.6110000
-99.5790000,27.6080000
-99.5843000,27.6060000
-99.5842000,27.6035000
-99.5780000,27.6021000
-99.5605000,27.6073000
-99.5580000,27.6093000
-99.5566000,27.6136000
-99.5544000,27.6141000
-99.5403000,27.6044000
-99.5350000,27.5900000
-99.5290000,27.5792000
-99.5134000,27.5693000
-99.5115000,27.5641000
-99.5143000,27.5566000
-99.5190000,27.5525000
-99.5220000,27.5443000
-99.5225000,27.5330000
-99.5255000,27.5221000
-99.5250000,27.5122000
-99.5282000,27.4982000
-99.5231000,27.4965000
-99.5013000,27.5001000
-99.4934000,27.4976000
-99.4813000,27.4891000
-99.4788000,27.4795000
-99.4824000,27.4754000
-99.4832000,27.4673000
-99.4926000,27.4548000
-99.4953000,27.4466000
-99.4955000,27.4380000
-99.4876000,27.4110000
-99.4895000,27.3991000
-99.4928000,27.3920000
-99.4923000,27.3806000
-99.5030000,27.3665000
-99.5079000,27.3535000
-99.5045000,27.3388000
-99.5216000,27.3247000
-99.5368000,27.3226000
-99.5381000,27.3165000
-99.5365000,27.3121000
-99.5279000,27.3048000
-99.5120000,27.3041000
-99.5034000,27.3062000
-99.4946000,27.3038000
-99.4876000,27.2942000
-99.4878000,27.2886000
-99.4966000,27.2729000
-99.4944000,27.2665000
-99.4909000,27.2627000
-99.4826000,27.2594000
-99.4620000,27.2684000
-99.4503000,27.2611000
-99.4418000,27.2508000
-99.4415000,27.2365000
-99.4454000,27.2232000
-99.4425000,27.2180000
-99.4327000,27.2096000
-99.4330000,27.2018000
-99.4262000,27.1761000
-99.4301000,27.1592000
-99.4400000,27.1511000
-99.4388000,27.1453000
-99.4319000,27.1382000
-99.4310000,27.1252000
-99.4322000,27.1210000
-99.4425000,27.1068000
-99.4287000,27.0926000
-99.4356000,27.0790000
-99.4482000,27.0702000
-99.4527000,27.0641000
-99.4510000,27.0550000
-99.4447000,27.0412000
-99.4437000,27.0333000
-99.4457000,27.0219000
-99.4445000,27.0193000
-99.4331000,27.0108000
-99.4259000,27.0102000
-99.4136000,27.0119000
-99.4088000,27.0099000
-99.4030000,26.9998000
-99.3921000,26.9873000
-99.3871000,26.9820000
-99.3813000,26.9793000
-99.3816000,26.9724000
-99.3917000,26.9662000
-99.3949000,26.9622000
-99.3914000,26.9481000
-99.3849000,26.9388000
-99.3773000,26.9330000
-99.3684000,26.9298000
-99.3521000,26.9279000
-99.3445000,26.9239000
-99.3285000,26.9195000
-99.3227000,26.9110000
-99.3234000,26.8996000
-99.3288000,26.8796000
-99.3171000,26.8655000
-99.3099000,26.8642000
-99.2946000,26.8650000
-99.2803000,26.8578000
-99.2699000,26.8450000
-99.2620000,26.8149000
-99.2424000,26.7864000
-99.2408000,26.7475000
-99.2396000,26.7453000
-99.2090000,26.7247000
-99.2100000,26.6927000
-99.2019000,26.6588000
-99.1788000,26.6219000
-99.1705000,26.5606000
-99.1682000,26.5570000
-99.1716000,26.5482000
-99.1711000,26.5419000
-99.1669000,26.5360000
-99.1535000,26.5307000
-99.1284000,26.5255000
-99.1183000,26.5164000
-99.1045000,26.4995000
-99.0916000,26.4756000
-99.0936000,26.4685000
-99.1008000,26.4581000
-99.1001000,26.4533000
-99.1025000,26.4481000
-99.1029000,26.4418000
-99.1071000,26.4377000
-99.1134000,26.4352000
-99.1137000,26.4329000
-99.1103000,26.4257000
-99.0998000,26.4176000
-99.0960000,26.4118000
-99.0892000,26.4080000
-99.0850000,26.3980000
-99.0815000,26.3966000
-99.0623000,26.3973000
-99.0533000,26.4023000
-99.0439000,26.4108000
-99.0363000,26.4135000
-99.0311000,26.4124000
-99.0219000,26.4071000
-99.0128000,26.3931000
-99.0108000,26.3923000
-99.0035000,26.3935000
-98.9880000,26.3914000
-98.9783000,26.4001000
-98.9737000,26.4011000
-98.9691000,26.3988000
-98.9633000,26.3988000
-98.9545000,26.3945000
-98.9534000,26.3846000
-98.9561000,26.3771000
-98.9496000,26.3716000
-98.9431000,26.3693000
-98.9367000,26.3704000
-98.9351000,26.3722000
-98.9341000,26.3779000
-98.9353000,26.3856000
-98.9267000,26.3946000
-98.9236000,26.3921000
-98.9232000,26.3800000
-98.9183000,26.3750000
-98.9127000,26.3720000
-98.9012000,26.3708000
-98.8993000,26.3653000
-98.9011000,26.3602000
-98.8970000,26.3531000
-98.8890000,26.3572000
-98.8708000,26.3619000
-98.8608000,26.3662000
-98.8508000,26.3640000
-98.8484000,26.3594000
-98.8430000,26.3583000
-98.8312000,26.3640000
-98.8248000,26.3707000
-98.8191000,26.3708000
-98.8144000,26.3659000
-98.8046000,26.3676000
-98.7986000,26.3609000
-98.7958000,26.3476000
-98.7880000,26.3377000
-98.7892000,26.3306000
-98.7784000,26.3259000
-98.7693000,26.3248000
-98.7640000,26.3259000
-98.7551000,26.3312000
-98.7507000,26.3312000
-98.7471000,26.3185000
-98.7447000,26.3151000
-98.7380000,26.3134000
-98.7361000,26.3083000
-98.7381000,26.3040000
-98.7421000,26.3027000
-98.7508000,26.3078000
-98.7547000,26.3079000
-98.7564000,26.3036000
-98.7509000,26.2960000
-98.7431000,26.2936000
-98.7344000,26.2983000
-98.7292000,26.2991000
-98.7224000,26.2958000
-98.7170000,26.2859000
-98.7078000,26.2892000
-98.7023000,26.2869000
-98.6997000,26.2807000
-98.7016000,26.2775000
-98.7105000,26.2791000
-98.7170000,26.2782000
-98.7199000,26.2760000
-98.7198000,26.2721000
-98.7017000,26.2660000
-98.6863000,26.2650000
-98.6813000,26.2630000
-98.6778000,26.2565000
-98.6791000,26.2450000
-98.6759000,26.2404000
-98.6696000,26.2363000
-98.6563000,26.2356000
-98.6449000,26.2410000
-98.6337000,26.2425000
-98.6323000,26.2519000
-98.6231000,26.2597000
-98.6200000,26.2554000
-98.6170000,26.2464000
-98.6139000,26.2479000
-98.6120000,26.2531000
-98.6078000,26.2532000
-98.5979000,26.2578000
-98.5828000,26.2564000
-98.5792000,26.2512000
-98.5851000,26.2444000
-98.5796000,26.2345000
-98.5767000,26.2338000
-98.5736000,26.2389000
-98.5696000,26.2415000
-98.5663000,26.2416000
-98.5641000,26.2359000
-98.5646000,26.2263000
-98.5621000,26.2242000
-98.5594000,26.2250000
-98.5554000,26.2322000
-98.5473000,26.2344000
-98.5455000,26.2378000
-98.5470000,26.2417000
-98.5528000,26.2417000
-98.5582000,26.2444000
-98.5574000,26.2476000
-98.5442000,26.2442000
-98.5356000,26.2254000
-98.5298000,26.2271000
-98.5254000,26.2344000
-98.5220000,26.2355000
-98.5214000,26.2324000
-98.5267000,26.2279000
-98.5254000,26.2215000
-98.5214000,26.2204000
-98.5198000,26.2239000
-98.5126000,26.2271000
-98.5053000,26.2231000
-98.5006000,26.2223000
-98.5076000,26.2124000
-98.5073000,26.2093000
-98.5039000,26.2084000
-98.4904000,26.2130000
-98.4862000,26.2128000
-98.4819000,26.2087000
-98.4818000,26.2049000
-98.4836000,26.2021000
-98.4814000,26.2006000
-98.4784000,26.2016000
-98.4775000,26.2038000
-98.4787000,26.2093000
-98.4830000,26.2151000
-98.4817000,26.2194000
-98.4705000,26.2208000
-98.4606000,26.2261000
-98.4578000,26.2248000
-98.4563000,26.2177000
-98.4545000,26.2167000
-98.4498000,26.2229000
-98.4448000,26.2243000
-98.4418000,26.2217000
-98.4391000,26.2145000
-98.4396000,26.2101000
-98.4444000,26.2050000
-98.4448000,26.2011000
-98.4418000,26.1982000
-98.4255000,26.1914000
-98.4168000,26.1836000
-98.4033000,26.1817000
-98.4017000,26.1782000
-98.4026000,26.1716000
-98.3931000,26.1672000
-98.3870000,26.1577000
-98.3829000,26.1566000
-98.3664000,26.1577000
-98.3642000,26.1621000
-98.3672000,26.1685000
-98.3598000,26.1725000
-98.3576000,26.1681000
-98.3589000,26.1594000
-98.3521000,26.1511000
-98.3487000,26.1536000
-98.3486000,26.1607000
-98.3462000,26.1657000
-98.3428000,26.1670000
-98.3356000,26.1657000
-98.3334000,26.1591000
-98.3388000,26.1527000
-98.3384000,26.1500000
-98.3352000,26.1460000
-98.3267000,26.1432000
-98.3346000,26.1412000
-98.3356000,26.1383000
-98.3216000,26.1183000
-98.3101000,26.1143000
-98.3056000,26.1028000
-98.2995000,26.1020000
-98.2977000,26.1034000
-98.2976000,26.1054000
-98.3020000,26.1067000
-98.3036000,26.1100000
-98.2999000,26.1178000
-98.2969000,26.1203000
-98.2912000,26.1208000
-98.2750000,26.1158000
-98.2716000,26.1171000
-98.2692000,26.1204000
-98.2661000,26.1207000
-98.2658000,26.1171000
-98.2720000,26.1134000
-98.2705000,26.1066000
-98.2824000,26.1079000
-98.2882000,26.1064000
-98.2882000,26.1043000
-98.2847000,26.1011000
-98.2772000,26.0989000
-98.2680000,26.0928000
-98.2643000,26.0849000
-98.2516000,26.0787000
-98.2495000,26.0722000
-98.2293000,26.0772000
-98.2192000,26.0759000
-98.2132000,26.0692000
-98.2048000,26.0664000
-98.1995000,26.0563000
-98.1948000,26.0531000
-98.1924000,26.0533000
-98.1873000,26.0643000
-98.1834000,26.0637000
-98.1794000,26.0600000
-98.1769000,26.0607000
-98.1768000,26.0631000
-98.1806000,26.0662000
-98.1797000,26.0735000
-98.1768000,26.0753000
-98.1723000,26.0716000
-98.1681000,26.0629000
-98.1613000,26.0645000
-98.1583000,26.0637000
-98.1580000,26.0606000
-98.1623000,26.0568000
-98.1620000,26.0541000
-98.1587000,26.0536000
-98.1517000,26.0583000
-98.1493000,26.0553000
-98.1494000,26.0512000
-98.1470000,26.0491000
-98.1434000,26.0506000
-98.1396000,26.0566000
-98.1368000,26.0630000
-98.1366000,26.0705000
-98.1319000,26.0743000
-98.1283000,26.0730000
-98.1313000,26.0646000
-98.1274000,26.0620000
-98.1047000,26.0676000
-98.0983000,26.0605000
-98.0936000,26.0586000
-98.0816000,26.0639000
-98.0811000,26.0662000
-98.0857000,26.0695000
-98.0811000,26.0713000
-98.0763000,26.0675000
-98.0753000,26.0597000
-98.0702000,26.0521000
-98.0718000,26.0447000
-98.0802000,26.0418000
-98.0776000,26.0366000
-98.0729000,26.0364000
-98.0622000,26.0463000
-98.0459000,26.0443000
-98.0387000,26.0414000
-98.0344000,26.0509000
-98.0332000,26.0616000
-98.0279000,26.0670000
-98.0249000,26.0655000
-98.0211000,26.0586000
-98.0159000,26.0616000
-98.0140000,26.0662000
-98.0120000,26.0661000
-98.0107000,26.0628000
-98.0129000,26.0581000
-98.0119000,26.0561000
-98.0078000,26.0621000
-98.0026000,26.0649000
-97.9973000,26.0647000
-97.9919000,26.0582000
-97.9888000,26.0606000
-97.9875000,26.0661000
-97.9802000,26.0672000
-97.9786000,26.0589000
-97.9736000,26.0576000
-97.9700000,26.0533000
-97.9659000,26.0517000
-97.9623000,26.0530000
-97.9552000,26.0614000
-97.9511000,26.0622000
-97.9448000,26.0602000
-97.9370000,26.0530000
-97.9336000,26.0530000
-97.9313000,26.0553000
-97.9314000,26.0582000
-97.9370000,26.0619000
-97.9336000,26.0656000
-97.9306000,26.0645000
-97.9271000,26.0548000
-97.9196000,26.0580000
-97.9105000,26.0565000
-97.9010000,26.0611000
-97.8910000,26.0603000
-97.8884000,26.0620000
-97.8871000,26.0666000
-97.8768000,26.0646000
-97.8690000,26.0568000
-97.8641000,26.0682000
-97.8614000,26.0700000
-97.8594000,26.0664000
-97.8624000,26.0610000
-97.8610000,26.0530000
-97.8505000,26.0519000
-97.8392000,26.0531000
-97.8361000,26.0509000
-97.8343000,26.0456000
-97.8287000,26.0503000
-97.8258000,26.0558000
-97.8193000,26.0566000
-97.8149000,26.0540000
-97.8165000,26.0454000
-97.8124000,26.0441000
-97.8110000,26.0454000
-97.8123000,26.0486000
-97.8113000,26.0553000
-97.8080000,26.0581000
-97.8011000,26.0602000
-97.7989000,26.0528000
-97.7928000,26.0532000
-97.7888000,26.0494000
-97.7892000,26.0478000
-97.7956000,26.0471000
-97.7979000,26.0431000
-97.7973000,26.0393000
-97.7917000,26.0338000
-97.7818000,26.0338000
-97.7779000,26.0292000
-97.7750000,26.0330000
-97.7692000,26.0365000
-97.7760000,26.0406000
-97.7766000,26.0447000
-97.7680000,26.0473000
-97.7627000,26.0416000
-97.7642000,26.0284000
-97.7615000,26.0256000
-97.7522000,26.0315000
-97.7488000,26.0303000
-97.7493000,26.0270000
-97.7480000,26.0261000
-97.7428000,26.0297000
-97.7353000,26.0284000
-97.7347000,26.0320000
-97.7214000,26.0313000
-97.7182000,26.0289000
-97.7216000,26.0241000
-97.7205000,26.0230000
-97.7095000,26.0262000
-97.7092000,26.0346000
-97.7071000,26.0377000
-97.7042000,26.0354000
-97.7022000,26.0308000
-97.6970000,26.0307000
-97.6976000,26.0239000
-97.6916000,26.0188000
-97.6898000,26.0221000
-97.6937000,26.0274000
-97.6933000,26.0324000
-97.6876000,26.0273000
-97.6757000,26.0258000
-97.6732000,26.0279000
-97.6761000,26.0305000
-97.6748000,26.0328000
-97.6709000,26.0340000
-97.6690000,26.0294000
-97.6672000,26.0289000
-97.6645000,26.0314000
-97.6638000,26.0376000
-97.6626000,26.0381000
-97.6605000,26.0322000
-97.6674000,26.0245000
-97.6681000,26.0194000
-97.6577000,26.0200000
-97.6516000,26.0159000
-97.6500000,26.0180000
-97.6504000,26.0237000
-97.6464000,26.0274000
-97.6448000,26.0278000
-97.6399000,26.0240000
-97.6371000,26.0197000
-97.6376000,26.0140000
-97.6407000,26.0119000
-97.6490000,26.0126000
-97.6493000,26.0104000
-97.6357000,26.0001000
-97.6324000,26.0009000
-97.6304000,26.0052000
-97.6271000,26.0061000
-97.6263000,26.0031000
-97.6284000,25.9976000
-97.6273000,25.9965000
-97.6232000,25.9972000
-97.6200000,26.0025000
-97.6184000,26.0023000
-97.6184000,25.9951000
-97.6202000,25.9925000
-97.6235000,25.9919000
-97.6258000,25.9952000
-97.6318000,25.9965000
-97.6342000,25.9931000
-97.6343000,25.9895000
-97.6304000,25.9879000
-97.6219000,25.9892000
-97.6199000,25.9877000
-97.6201000,25.9844000
-97.6167000,25.9791000
-97.6079000,25.9768000
-97.6078000,25.9718000
-97.6106000,25.9660000
-97.6021000,25.9574000
-97.5982000,25.9569000
-97.5938000,25.9616000
-97.5821000,25.9624000
-97.5831000,25.9550000
-97.5781000,25.9421000
-97.5751000,25.9430000
-97.5729000,25.9460000
-97.5744000,25.9540000
-97.5679000,25.9525000
-97.5663000,25.9449000
-97.5822000,25.9386000
-97.5840000,25.9357000
-97.5833000,25.9332000
-97.5796000,25.9328000
-97.5744000,25.9351000
-97.5670000,25.9337000
-97.5659000,25.9319000
-97.5680000,25.9278000
-97.5617000,25.9257000
-97.5590000,25.9273000
-97.5591000,25.9320000
-97.5571000,25.9361000
-97.5523000,25.9372000
-97.5462000,25.9342000
-97.5452000,25.9244000
-97.5437000,25.9234000
-97.5373000,25.9308000
-97.5373000,25.9272000
-97.5431000,25.9201000
-97.5300000,25.9199000
-97.5299000,25.9170000
-97.5337000,25.9124000
-97.5333000,25.9084000
-97.5285000,25.9068000
-97.5271000,25.9026000
-97.5237000,25.8990000
-97.5233000,25.8892000
-97.5213000,25.8863000
-97.5108000,25.8875000
-97.5058000,25.8905000
-97.4983000,25.8991000
-97.4964000,25.8959000
-97.4972000,25.8799000
-97.4941000,25.8801000
-97.4879000,25.8855000
-97.4863000,25.8835000
-97.4878000,25.8792000
-97.4845000,25.8788000
-97.4690000,25.8889000
-97.4684000,25.8840000
-97.4747000,25.8797000
-97.4745000,25.8768000
-97.4706000,25.8754000
-97.4627000,25.8827000
-97.4555000,25.8841000
-97.4549000,25.8785000
-97.4567000,25.8686000
-97.4535000,25.8674000
-97.4485000,25.8722000
-97.4446000,25.8678000
-97.4477000,25.8634000
-97.4482000,25.8593000
-97.4520000,25.8587000
-97.4541000,25.8543000
-97.4451000,25.8564000
-97.4440000,25.8549000
-97.4459000,25.8512000
-97.4440000,25.8486000
-97.4410000,25.8478000
-97.4356000,25.8497000
-97.4251000,25.8405000
-97.4120000,25.8415000
-97.4140000,25.8471000
-97.4139000,25.8560000
-97.4124000,25.8599000
-97.4095000,25.8623000
-97.4078000,25.8615000
-97.4092000,25.8575000
-97.4079000,25.8546000
-97.4106000,25.8496000
-97.4079000,25.8452000
-97.4050000,25.8453000
-97.4025000,25.8518000
-97.4002000,25.8521000
-97.3987000,25.8503000
-97.4007000,25.8464000
-97.4005000,25.8414000
-97.4066000,25.8404000
-97.4062000,25.8379000
-97.3990000,25.8389000
-97.3936000,25.8370000
-97.3886000,25.8397000
-97.3869000,25.8439000
-97.3810000,25.8394000
-97.3726000,25.8400000
-97.3705000,25.8500000
-97.3637000,25.8506000
-97.3660000,25.8535000
-97.3752000,25.8539000
-97.3761000,25.8558000
-97.3686000,25.8584000
-97.3618000,25.8690000
-97.3592000,25.8692000
-97.3586000,25.8656000
-97.3564000,25.8679000
-97.3593000,25.8724000
-97.3592000,25.8802000
-97.3642000,25.8778000
-97.3736000,25.8784000
-97.3738000,25.8806000
-97.3676000,25.8846000
-97.3588000,25.8859000
-97.3562000,25.8882000
-97.3580000,25.8900000
-97.3665000,25.8909000
-97.3658000,25.9028000
-97.3742000,25.9061000
-97.3745000,25.9088000
-97.3681000,25.9097000
-97.3683000,25.9155000
-97.3612000,25.9159000
-97.3539000,25.9201000
-97.3496000,25.9258000
-97.3479000,25.9313000
-97.3427000,25.9288000
-97.3368000,25.9297000
-97.3379000,25.9204000
-97.3340000,25.9205000
-97.3330000,25.9262000
-97.3309000,25.9179000
-97.3261000,25.9175000
-97.3246000,25.9183000
-97.3244000,25.9247000
-97.3182000,25.9312000
-97.3136000,25.9310000
-97.3095000,25.9263000
-97.3044000,25.9282000
-97.3032000,25.9370000
-97.2995000,25.9370000
-97.2978000,25.9339000
-97.2956000,25.9333000
-97.2915000,25.9364000
-97.2768000,25.9352000
-97.2770000,25.9397000
-97.2806000,25.9441000
-97.2784000,25.9479000
-97.2831000,25.9490000
-97.2892000,25.9540000
-97.2840000,25.9593000
-97.2764000,25.9522000
-97.2610000,25.9510000
-97.2475000,25.9480000
-97.2388000,25.9557000
-97.2266000,25.9593000
-97.2199000,25.9573000
-97.2086000,25.9639000
-97.2063000,25.9631000
-97.2050000,25.9580000
-97.1971000,25.9579000
-97.1886000,25.9537000
-97.1865000,25.9549000
-97.1868000,25.9584000
-97.1775000,25.9618000
-97.1755000,25.9658000
-97.1686000,25.9606000
-97.1580000,25.9612000
-97.1602000,25.9514000
-97.1595000,25.9491000
-97.1558000,25.9489000
-97.1461000,25.9536000
-97.1442000,25.9125000
-97.1461000,25.8727000
-97.1590000,25.7954000
-97.1602000,25.8013000
-97.1575000,25.8109000
-97.1590000,25.8139000
-97.1567000,25.8154000
-97.1559000,25.8211000
-97.1666000,25.8182000
-97.1662000,25.8146000
-97.1680000,25.8137000
-97.1789000,25.8116000
-97.1810000,25.8055000
-97.1800000,25.8036000
-97.1714000,25.8029000
-97.1748000,25.8007000
-97.1781000,25.8010000
-97.1831000,25.7955000
-97.1820000,25.8001000
-97.1857000,25.8053000
-97.1903000,25.8011000
-97.1917000,25.7953000
-97.1967000,25.7953000
-97.1957000,25.7986000
-97.1985000,25.7993000
-97.2007000,25.7961000
-97.2032000,25.7972000
-97.2047000,25.7958000
-97.2162000,25.7942000
-97.1668000,25.8044000
-97.1623000,25.8098000
-97.1660000,25.8032000
-97.1668000,25.7977000
-97.1687000,25.7960000
-97.1681000,25.8032000
-97.1668000,25.8044000
-97.1773000,25.7959000
-97.1797000,25.7965000
-97.1775000,25.7977000
-97.1724000,25.7947000
-97.1734000,25.7944000
-97.1770000,25.7944000
-97.1773000,25.7959000
